DEPARTAMENTO,PERIODO,Área Sembrada(ha),Producción(t),Rendimiento(t/ha),GRUPO DE CULTIVO,SUBGRUPO DE CULTIVO
amazonas,2016,35,208,11.5,FRUTALES,AGUACATE
antioquia,2016,11326,67034,590.1000000000001,FRUTALES,AGUACATE
antioquia,2017,11997,133466,605.6,FRUTALES,AGUACATE
antioquia,2018,13047,137293,628.0000000000001,FRUTALES,AGUACATE
arauca,2016,272,3750,65.0,FRUTALES,AGUACATE
arauca,2017,318,3922,65.5,FRUTALES,AGUACATE
arauca,2018,358,3867,66.0,FRUTALES,AGUACATE
atlantico,2017,32,55,12.0,FRUTALES,AGUACATE
atlantico,2018,43,55,12.0,FRUTALES,AGUACATE
bolivar,2016,2652,20996,79.0,FRUTALES,AGUACATE
bolivar,2017,2972,26744,88.0,FRUTALES,AGUACATE
bolivar,2018,2992,27444,88.0,FRUTALES,AGUACATE
boyaca,2016,853,2039,117.0,FRUTALES,AGUACATE
boyaca,2017,1091,3912,169.6,FRUTALES,AGUACATE
boyaca,2018,1246,6275,199.6,FRUTALES,AGUACATE
caldas,2016,8710,42576,219.79999999999998,FRUTALES,AGUACATE
caldas,2017,9821,81448,243.8,FRUTALES,AGUACATE
caldas,2018,10958,88734,256.70000000000005,FRUTALES,AGUACATE
caqueta,2016,45,4,4.0,FRUTALES,AGUACATE
caqueta,2017,45,5,4.5,FRUTALES,AGUACATE
caqueta,2018,45,25,10.0,FRUTALES,AGUACATE
casanare,2016,233,313,60.5,FRUTALES,AGUACATE
casanare,2017,217,514,59.0,FRUTALES,AGUACATE
casanare,2018,258,620,71.0,FRUTALES,AGUACATE
cauca,2016,1142,4395,81.1,FRUTALES,AGUACATE
cauca,2017,1026,4178,62.5,FRUTALES,AGUACATE
cauca,2018,1348,4828,66.5,FRUTALES,AGUACATE
cesar,2016,2875,14770,110.1,FRUTALES,AGUACATE
cesar,2017,2818,13241,107.6,FRUTALES,AGUACATE
cesar,2018,3341,14119,112.9,FRUTALES,AGUACATE
choco,2016,313,1529,21.6,FRUTALES,AGUACATE
choco,2017,464,2927,32.3,FRUTALES,AGUACATE
choco,2018,710,4086,46.699999999999996,FRUTALES,AGUACATE
cordoba,2016,7,14,3.0,FRUTALES,AGUACATE
cordoba,2017,7,21,3.0,FRUTALES,AGUACATE
cordoba,2018,7,21,3.0,FRUTALES,AGUACATE
cundinamarca,2016,1967,7092,250.99999999999997,FRUTALES,AGUACATE
cundinamarca,2017,2224,7449,283.0,FRUTALES,AGUACATE
cundinamarca,2018,2470,10166,308.9,FRUTALES,AGUACATE
guainia,2016,1,1,1.5,FRUTALES,AGUACATE
guajira,2016,522,2258,46.0,FRUTALES,AGUACATE
guajira,2017,537,2304,46.0,FRUTALES,AGUACATE
guajira,2018,669,2439,46.0,FRUTALES,AGUACATE
huila,2016,2367,11585,369.0,FRUTALES,AGUACATE
huila,2017,2821,17146,372.5,FRUTALES,AGUACATE
huila,2018,2823,22094,390.79999999999995,FRUTALES,AGUACATE
meta,2016,1500,5951,111.7,FRUTALES,AGUACATE
meta,2017,1649,15570,117.7,FRUTALES,AGUACATE
meta,2018,1752,15792,118.0,FRUTALES,AGUACATE
narino,2016,549,974,101.9,FRUTALES,AGUACATE
narino,2017,700,1780,125.2,FRUTALES,AGUACATE
narino,2018,907,2445,143.4,FRUTALES,AGUACATE
norte de santander,2016,849,5503,194.8,FRUTALES,AGUACATE
norte de santander,2017,914,6439,220.5,FRUTALES,AGUACATE
norte de santander,2018,1021,7673,247.1,FRUTALES,AGUACATE
putumayo,2016,49,210,42.0,FRUTALES,AGUACATE
putumayo,2017,44,256,9.1,FRUTALES,AGUACATE
putumayo,2018,56,298,9.2,FRUTALES,AGUACATE
quindio,2016,2888,16011,92.3,FRUTALES,AGUACATE
quindio,2017,3645,20597,95.89999999999999,FRUTALES,AGUACATE
quindio,2018,4146,22716,97.2,FRUTALES,AGUACATE
risaralda,2016,2962,17200,137.8,FRUTALES,AGUACATE
risaralda,2017,3751,24259,135.3,FRUTALES,AGUACATE
risaralda,2018,4491,35755,142.4,FRUTALES,AGUACATE
san andres,2018,1,0,12.0,FRUTALES,AGUACATE
santander,2016,6709,21771,254.2,FRUTALES,AGUACATE
santander,2017,5574,24733,290.7,FRUTALES,AGUACATE
santander,2018,6245,27100,337.6,FRUTALES,AGUACATE
sucre,2016,718,4821,27.0,FRUTALES,AGUACATE
sucre,2017,782,5675,38.0,FRUTALES,AGUACATE
sucre,2018,789,5426,38.0,FRUTALES,AGUACATE
tolima,2016,12272,58483,184.10000000000002,FRUTALES,AGUACATE
tolima,2017,13349,72064,175.0,FRUTALES,AGUACATE
tolima,2018,13861,76676,190.7,FRUTALES,AGUACATE
valle del cauca,2016,2302,26389,384.99999999999994,FRUTALES,AGUACATE
valle del cauca,2017,3062,21536,326.90000000000003,FRUTALES,AGUACATE
valle del cauca,2018,3319,29001,371.7,FRUTALES,AGUACATE
vichada,2016,4,5,3.2,FRUTALES,AGUACATE
antioquia,2014,8625,84945,11.8,FRUTALES,AGUACATE
bolivar,2014,2219,12314,6.3,FRUTALES,AGUACATE
boyaca,2014,65,0,0.0,FRUTALES,AGUACATE
caldas,2014,11531,40319,10.9,FRUTALES,AGUACATE
cauca,2014,470,622,2.7,FRUTALES,AGUACATE
cesar,2014,576,3374,9.6,FRUTALES,AGUACATE
cundinamarca,2014,522,565,2.0,FRUTALES,AGUACATE
huila,2014,1457,6197,11.1,FRUTALES,AGUACATE
guajira,2014,211,1045,4.9,FRUTALES,AGUACATE
meta,2014,2838,5888,3.0,FRUTALES,AGUACATE
narino,2014,151,0,0.0,FRUTALES,AGUACATE
norte de santander,2014,1761,60,1.3,FRUTALES,AGUACATE
quindio,2014,1805,9302,9.8,FRUTALES,AGUACATE
risaralda,2014,5030,21777,6.7,FRUTALES,AGUACATE
santander,2014,951,565,1.9,FRUTALES,AGUACATE
tolima,2014,14806,41983,4.4,FRUTALES,AGUACATE
valle del cauca,2014,4772,73927,17.8,FRUTALES,AGUACATE
casanare,2014,141,0,0.0,FRUTALES,AGUACATE
amazonas,2016,68,120,12.0,CEREALES,ARROZ
amazonas,2017,62,84,6.0,CEREALES,ARROZ
antioquia,2016,27692,65806,159.8,CEREALES,ARROZ
antioquia,2017,31009,66831,156.90000000000003,CEREALES,ARROZ
antioquia,2018,17902,31569,79.3,CEREALES,ARROZ
arauca,2016,19196,99524,53.6,CEREALES,ARROZ
arauca,2017,15308,64344,32.5,CEREALES,ARROZ
arauca,2018,5824,8523,16.5,CEREALES,ARROZ
atlantico,2016,447,1929,11.0,CEREALES,ARROZ
atlantico,2017,746,2528,16.5,CEREALES,ARROZ
atlantico,2018,475,1514,7.4,CEREALES,ARROZ
bolivar,2016,33963,93907,176.30000000000004,CEREALES,ARROZ
bolivar,2017,37615,116484,177.4,CEREALES,ARROZ
bolivar,2018,20374,36561,78.0,CEREALES,ARROZ
caqueta,2016,2034,15629,84.4,CEREALES,ARROZ
caqueta,2017,3001,5993,46.70000000000001,CEREALES,ARROZ
caqueta,2018,1174,2100,24.0,CEREALES,ARROZ
casanare,2016,157431,844338,190.99999999999994,CEREALES,ARROZ
casanare,2017,178210,863375,171.70000000000002,CEREALES,ARROZ
casanare,2018,129563,93032,50.300000000000004,CEREALES,ARROZ
cauca,2016,2548,12327,92.39999999999999,CEREALES,ARROZ
cauca,2017,3211,12735,102.60000000000002,CEREALES,ARROZ
cauca,2018,1953,9440,49.60000000000001,CEREALES,ARROZ
cesar,2016,20042,83665,190.99999999999997,CEREALES,ARROZ
cesar,2017,20497,96081,180.4999999999999,CEREALES,ARROZ
cesar,2018,7722,44315,101.6,CEREALES,ARROZ
choco,2016,21498,37989,63.099999999999994,CEREALES,ARROZ
choco,2017,19750,38459,81.49999999999999,CEREALES,ARROZ
choco,2018,15293,16964,41.89999999999999,CEREALES,ARROZ
cordoba,2016,31636,84892,190.79999999999998,CEREALES,ARROZ
cordoba,2017,39638,102398,220.60000000000016,CEREALES,ARROZ
cordoba,2018,20989,47055,104.60000000000001,CEREALES,ARROZ
cundinamarca,2016,2575,11295,38.599999999999994,CEREALES,ARROZ
cundinamarca,2017,1892,11662,28.099999999999998,CEREALES,ARROZ
cundinamarca,2018,788,2052,16.1,CEREALES,ARROZ
guajira,2016,2808,10722,35.7,CEREALES,ARROZ
guajira,2017,2833,14374,38.4,CEREALES,ARROZ
guajira,2018,1272,7879,26.799999999999997,CEREALES,ARROZ
guaviare,2016,6232,17734,40.4,CEREALES,ARROZ
guaviare,2017,4229,20579,33.0,CEREALES,ARROZ
guaviare,2018,3457,560,3.8,CEREALES,ARROZ
huila,2016,38391,242146,260.40000000000003,CEREALES,ARROZ
huila,2017,33593,266213,243.6,CEREALES,ARROZ
huila,2018,16220,117564,118.69999999999999,CEREALES,ARROZ
magdalena,2016,6198,18240,67.10000000000001,CEREALES,ARROZ
magdalena,2017,3170,19230,75.00000000000003,CEREALES,ARROZ
magdalena,2018,1676,9619,21.599999999999998,CEREALES,ARROZ
meta,2016,77722,413632,271.7999999999999,CEREALES,ARROZ
meta,2017,83259,394909,291.40000000000003,CEREALES,ARROZ
meta,2018,52467,71552,83.10000000000001,CEREALES,ARROZ
narino,2016,3550,20447,41.2,CEREALES,ARROZ
narino,2017,1501,5922,48.8,CEREALES,ARROZ
narino,2018,1160,1685,23.2,CEREALES,ARROZ
norte de santander,2016,34758,165819,99.70000000000002,CEREALES,ARROZ
norte de santander,2017,41074,180591,85.59999999999998,CEREALES,ARROZ
norte de santander,2018,19992,97940,48.50000000000001,CEREALES,ARROZ
putumayo,2016,1518,3171,32.599999999999994,CEREALES,ARROZ
putumayo,2017,1502,2091,29.900000000000002,CEREALES,ARROZ
putumayo,2018,1176,1319,14.200000000000001,CEREALES,ARROZ
santander,2016,5946,16809,47.7,CEREALES,ARROZ
santander,2017,5046,18524,43.49999999999999,CEREALES,ARROZ
santander,2018,1297,18163,19.8,CEREALES,ARROZ
sucre,2016,55514,167381,162.50000000000003,CEREALES,ARROZ
sucre,2017,47107,147104,146.20000000000005,CEREALES,ARROZ
sucre,2018,19902,67216,74.30000000000001,CEREALES,ARROZ
tolima,2016,103860,698433,291.9,CEREALES,ARROZ
tolima,2017,107524,748725,309.3999999999998,CEREALES,ARROZ
tolima,2018,55251,391268,160.69999999999996,CEREALES,ARROZ
valle del cauca,2016,4156,25192,73.89999999999999,CEREALES,ARROZ
valle del cauca,2017,3234,18581,75.40000000000002,CEREALES,ARROZ
valle del cauca,2018,1981,9789,29.4,CEREALES,ARROZ
vaupes,2016,10,10,1.0,CEREALES,ARROZ
vaupes,2017,10,10,1.0,CEREALES,ARROZ
vaupes,2018,10,0,0.0,CEREALES,ARROZ
vichada,2016,1861,6846,6.5,CEREALES,ARROZ
vichada,2017,117,125,2.5,CEREALES,ARROZ
vichada,2018,52,32,0.5,CEREALES,ARROZ
antioquia,2016,794,1094,16.400000000000002,LEGUMINOSAS,ARVEJA
antioquia,2017,844,1404,23.500000000000004,LEGUMINOSAS,ARVEJA
antioquia,2018,611,870,14.499999999999998,LEGUMINOSAS,ARVEJA
boyaca,2016,4315,4854,138.2000000000001,LEGUMINOSAS,ARVEJA
boyaca,2017,5005,4560,145.4000000000001,LEGUMINOSAS,ARVEJA
boyaca,2018,5060,2900,77.2,LEGUMINOSAS,ARVEJA
caldas,2016,69,140,13.0,LEGUMINOSAS,ARVEJA
caldas,2017,77,151,9.1,LEGUMINOSAS,ARVEJA
caldas,2018,38,71,4.8,LEGUMINOSAS,ARVEJA
caqueta,2016,7,11,1.5,LEGUMINOSAS,ARVEJA
caqueta,2017,5,0,0.0,LEGUMINOSAS,ARVEJA
casanare,2016,18,23,0.6,LEGUMINOSAS,ARVEJA
casanare,2017,20,12,0.8,LEGUMINOSAS,ARVEJA
cauca,2016,296,304,26.400000000000002,LEGUMINOSAS,ARVEJA
cauca,2017,362,333,31.79999999999999,LEGUMINOSAS,ARVEJA
cauca,2018,146,120,12.8,LEGUMINOSAS,ARVEJA
cesar,2016,6,1,0.3,LEGUMINOSAS,ARVEJA
cesar,2017,30,8,0.8,LEGUMINOSAS,ARVEJA
cesar,2018,15,7,0.5,LEGUMINOSAS,ARVEJA
cundinamarca,2016,5224,7888,183.79999999999993,LEGUMINOSAS,ARVEJA
cundinamarca,2017,6071,9849,198.0,LEGUMINOSAS,ARVEJA
cundinamarca,2018,2843,4682,105.59999999999998,LEGUMINOSAS,ARVEJA
huila,2016,1442,2332,108.49999999999991,LEGUMINOSAS,ARVEJA
huila,2017,1144,2387,108.69999999999995,LEGUMINOSAS,ARVEJA
huila,2018,617,1001,50.79999999999998,LEGUMINOSAS,ARVEJA
meta,2016,33,59,3.0999999999999996,LEGUMINOSAS,ARVEJA
meta,2017,50,73,2.9,LEGUMINOSAS,ARVEJA
meta,2018,45,3,0.7,LEGUMINOSAS,ARVEJA
narino,2016,13209,22483,96.50000000000003,LEGUMINOSAS,ARVEJA
narino,2017,13613,24903,91.39999999999999,LEGUMINOSAS,ARVEJA
narino,2018,7332,13592,56.3,LEGUMINOSAS,ARVEJA
norte de santander,2016,540,950,52.79999999999999,LEGUMINOSAS,ARVEJA
norte de santander,2017,579,996,49.99999999999999,LEGUMINOSAS,ARVEJA
norte de santander,2018,1098,461,24.400000000000002,LEGUMINOSAS,ARVEJA
putumayo,2016,27,59,6.8,LEGUMINOSAS,ARVEJA
putumayo,2017,34,30,2.6,LEGUMINOSAS,ARVEJA
putumayo,2018,34,0,0.0,LEGUMINOSAS,ARVEJA
quindio,2016,13,19,3.5,LEGUMINOSAS,ARVEJA
quindio,2017,10,17,4.8,LEGUMINOSAS,ARVEJA
quindio,2018,3,3,0.9,LEGUMINOSAS,ARVEJA
risaralda,2016,2,1,1.1,LEGUMINOSAS,ARVEJA
risaralda,2017,20,9,4.800000000000001,LEGUMINOSAS,ARVEJA
risaralda,2018,9,15,3.7,LEGUMINOSAS,ARVEJA
santander,2016,728,821,57.60000000000001,LEGUMINOSAS,ARVEJA
santander,2017,670,913,71.29999999999998,LEGUMINOSAS,ARVEJA
santander,2018,350,349,37.499999999999986,LEGUMINOSAS,ARVEJA
tolima,2016,1708,1320,21.1,LEGUMINOSAS,ARVEJA
tolima,2017,1098,905,14.0,LEGUMINOSAS,ARVEJA
tolima,2018,478,474,6.200000000000001,LEGUMINOSAS,ARVEJA
valle del cauca,2016,201,291,45.5,LEGUMINOSAS,ARVEJA
valle del cauca,2017,214,447,48.199999999999996,LEGUMINOSAS,ARVEJA
valle del cauca,2018,157,181,24.500000000000004,LEGUMINOSAS,ARVEJA
caldas,2007,2522,239545,320.9,OTROS PERMANENTES,CAÑA
caldas,2008,2653,233128,349.1,OTROS PERMANENTES,CAÑA
caldas,2009,2742,279678,464.29999999999995,OTROS PERMANENTES,CAÑA
caldas,2010,2806,245395,490.0,OTROS PERMANENTES,CAÑA
caldas,2011,3162,277619,506.4,OTROS PERMANENTES,CAÑA
caldas,2012,3216,254349,400.1,OTROS PERMANENTES,CAÑA
caldas,2013,2862,261093,440.00000000000006,OTROS PERMANENTES,CAÑA
caldas,2014,3411,327511,438.7,OTROS PERMANENTES,CAÑA
caldas,2015,3316,328173,483.6,OTROS PERMANENTES,CAÑA
caldas,2016,3363,338539,508.40000000000003,OTROS PERMANENTES,CAÑA
caldas,2017,3408,371173,498.29999999999995,OTROS PERMANENTES,CAÑA
cauca,2007,41720,3502594,817.4,OTROS PERMANENTES,CAÑA
cauca,2008,40686,3198834,928.3000000000001,OTROS PERMANENTES,CAÑA
cauca,2009,41420,4234100,998.4,OTROS PERMANENTES,CAÑA
cauca,2010,44001,3472370,901.7999999999998,OTROS PERMANENTES,CAÑA
cauca,2011,44437,4011393,885.6999999999999,OTROS PERMANENTES,CAÑA
cauca,2012,45292,3675156,773.3000000000001,OTROS PERMANENTES,CAÑA
cauca,2013,44981,3754168,846.1,OTROS PERMANENTES,CAÑA
cauca,2014,42172,4039392,992.1999999999999,OTROS PERMANENTES,CAÑA
cauca,2015,43391,4081085,983.2,OTROS PERMANENTES,CAÑA
cauca,2016,44414,4291464,1006.0000000000001,OTROS PERMANENTES,CAÑA
cauca,2017,46209,4693384,1022.6999999999998,OTROS PERMANENTES,CAÑA
meta,2010,998,0,0.0,OTROS PERMANENTES,CAÑA
meta,2011,2247,0,0.0,OTROS PERMANENTES,CAÑA
meta,2012,5514,0,0.0,OTROS PERMANENTES,CAÑA
meta,2013,6800,352896,80.0,OTROS PERMANENTES,CAÑA
meta,2014,7276,396498,84.0,OTROS PERMANENTES,CAÑA
meta,2015,9065,593460,84.0,OTROS PERMANENTES,CAÑA
meta,2016,8884,569959,82.3,OTROS PERMANENTES,CAÑA
meta,2017,12522,912377,81.6,OTROS PERMANENTES,CAÑA
norte de santander,2007,668,55246,454.70000000000005,OTROS PERMANENTES,CAÑA
norte de santander,2008,1074,73991,473.3,OTROS PERMANENTES,CAÑA
norte de santander,2009,372,25469,368.90000000000003,OTROS PERMANENTES,CAÑA
norte de santander,2010,372,0,0.0,OTROS PERMANENTES,CAÑA
norte de santander,2011,291,19332,404.3,OTROS PERMANENTES,CAÑA
norte de santander,2012,305,13344,245.6,OTROS PERMANENTES,CAÑA
norte de santander,2013,358,15999,373.1,OTROS PERMANENTES,CAÑA
norte de santander,2014,366,16747,379.7,OTROS PERMANENTES,CAÑA
norte de santander,2015,188,13132,210.0,OTROS PERMANENTES,CAÑA
norte de santander,2016,193,13853,212.3,OTROS PERMANENTES,CAÑA
norte de santander,2017,232,15614,250.0,OTROS PERMANENTES,CAÑA
quindio,2009,239,27531,123.5,OTROS PERMANENTES,CAÑA
quindio,2010,251,25802,129.7,OTROS PERMANENTES,CAÑA
quindio,2011,287,24705,130.0,OTROS PERMANENTES,CAÑA
quindio,2012,292,22634,101.5,OTROS PERMANENTES,CAÑA
quindio,2013,307,19902,95.7,OTROS PERMANENTES,CAÑA
quindio,2014,265,27651,121.9,OTROS PERMANENTES,CAÑA
quindio,2015,270,23797,102.8,OTROS PERMANENTES,CAÑA
quindio,2016,280,25740,106.9,OTROS PERMANENTES,CAÑA
quindio,2017,283,26432,114.4,OTROS PERMANENTES,CAÑA
risaralda,2007,2619,284598,488.0,OTROS PERMANENTES,CAÑA
risaralda,2008,2662,239284,479.69999999999993,OTROS PERMANENTES,CAÑA
risaralda,2009,2667,288657,454.8,OTROS PERMANENTES,CAÑA
risaralda,2010,2804,280611,503.20000000000005,OTROS PERMANENTES,CAÑA
risaralda,2011,2676,242690,447.09999999999997,OTROS PERMANENTES,CAÑA
risaralda,2012,2723,222348,349.09999999999997,OTROS PERMANENTES,CAÑA
risaralda,2013,2803,258352,434.40000000000003,OTROS PERMANENTES,CAÑA
risaralda,2014,2793,281768,608.8000000000001,OTROS PERMANENTES,CAÑA
risaralda,2015,2736,287860,627.1,OTROS PERMANENTES,CAÑA
risaralda,2016,2860,315920,648.5999999999999,OTROS PERMANENTES,CAÑA
risaralda,2017,3157,313565,689.3,OTROS PERMANENTES,CAÑA
valle del cauca,2007,156065,17063466,3252.2999999999993,OTROS PERMANENTES,CAÑA
valle del cauca,2008,159663,15536482,3445.900000000001,OTROS PERMANENTES,CAÑA
valle del cauca,2009,161186,18758680,3521.2,OTROS PERMANENTES,CAÑA
valle del cauca,2010,168449,16248416,3608.4,OTROS PERMANENTES,CAÑA
valle del cauca,2011,173343,18172351,3917.8,OTROS PERMANENTES,CAÑA
valle del cauca,2012,176225,16649142,3134.7999999999993,OTROS PERMANENTES,CAÑA
valle del cauca,2013,174607,17272930,3462.5000000000005,OTROS PERMANENTES,CAÑA
valle del cauca,2014,181664,19606927,3680.2999999999997,OTROS PERMANENTES,CAÑA
valle del cauca,2015,182360,19484173,3598.7999999999997,OTROS PERMANENTES,CAÑA
valle del cauca,2016,185928,20327542,3693.8999999999996,OTROS PERMANENTES,CAÑA
valle del cauca,2017,191003,20321505,3578.1000000000004,OTROS PERMANENTES,CAÑA
antioquia,2016,36459,1219550,352.4,FRUTALES,PLATANO
antioquia,2017,37270,1242960,424.6,FRUTALES,PLATANO
antioquia,2018,37249,1252989,452.79999999999995,FRUTALES,PLATANO
boyaca,2016,479,2470,19.5,FRUTALES,PLATANO
boyaca,2017,692,4690,30.2,FRUTALES,PLATANO
boyaca,2018,698,4709,30.2,FRUTALES,PLATANO
caldas,2016,442,3536,70.6,FRUTALES,PLATANO
caldas,2017,718,10970,118.4,FRUTALES,PLATANO
caldas,2018,728,11280,118.9,FRUTALES,PLATANO
casanare,2016,225,1116,6.2,FRUTALES,PLATANO
casanare,2017,238,6021,27.0,FRUTALES,PLATANO
casanare,2018,256,6318,27.0,FRUTALES,PLATANO
cauca,2016,651,1875,24.5,FRUTALES,PLATANO
cauca,2017,477,2062,22.5,FRUTALES,PLATANO
cauca,2018,480,2190,23.5,FRUTALES,PLATANO
cesar,2016,355,1775,5.0,FRUTALES,PLATANO
cesar,2017,5,25,5.0,FRUTALES,PLATANO
cesar,2018,75,25,5.0,FRUTALES,PLATANO
choco,2016,3320,14912,69.4,FRUTALES,PLATANO
choco,2017,2753,11881,89.2,FRUTALES,PLATANO
choco,2018,3164,13657,94.6,FRUTALES,PLATANO
cundinamarca,2016,4622,37787,114.6,FRUTALES,PLATANO
cundinamarca,2017,4402,36805,134.9,FRUTALES,PLATANO
cundinamarca,2018,4493,39987,140.1,FRUTALES,PLATANO
guajira,2016,2637,47840,40.0,FRUTALES,PLATANO
guajira,2017,2807,110147,82.2,FRUTALES,PLATANO
guajira,2018,3057,117540,82.2,FRUTALES,PLATANO
huila,2016,2891,13046,149.0,FRUTALES,PLATANO
huila,2017,3260,13838,186.2,FRUTALES,PLATANO
huila,2018,3494,21602,198.7,FRUTALES,PLATANO
magdalena,2016,12414,413789,219.1,FRUTALES,PLATANO
magdalena,2017,13565,486093,246.6,FRUTALES,PLATANO
magdalena,2018,13565,406096,198.0,FRUTALES,PLATANO
meta,2016,61,283,25.0,FRUTALES,PLATANO
meta,2017,49,480,36.0,FRUTALES,PLATANO
meta,2018,64,480,36.0,FRUTALES,PLATANO
narino,2016,4555,18977,63.5,FRUTALES,PLATANO
narino,2017,7010,15959,47.7,FRUTALES,PLATANO
narino,2018,7029,16162,48.0,FRUTALES,PLATANO
norte de santander,2016,1534,8374,49.9,FRUTALES,PLATANO
norte de santander,2017,960,6205,45.5,FRUTALES,PLATANO
norte de santander,2018,960,6205,45.5,FRUTALES,PLATANO
putumayo,2016,608,3232,19.0,FRUTALES,PLATANO
quindio,2016,2500,34233,179.39999999999998,FRUTALES,PLATANO
quindio,2017,2699,38647,168.8,FRUTALES,PLATANO
quindio,2018,2935,46207,181.10000000000002,FRUTALES,PLATANO
risaralda,2016,477,4293,85.0,FRUTALES,PLATANO
risaralda,2017,305,4660,102.0,FRUTALES,PLATANO
risaralda,2018,318,4785,102.0,FRUTALES,PLATANO
san andres,2018,2,10,26.0,FRUTALES,PLATANO
santander,2016,3215,37744,104.6,FRUTALES,PLATANO
santander,2017,2553,40788,100.1,FRUTALES,PLATANO
santander,2018,2630,41675,101.0,FRUTALES,PLATANO
tolima,2016,3279,35944,99.5,FRUTALES,PLATANO
tolima,2017,1464,13030,77.0,FRUTALES,PLATANO
tolima,2018,1614,14369,83.0,FRUTALES,PLATANO
valle del cauca,2016,6787,107770,517.2,FRUTALES,PLATANO
valle del cauca,2017,5919,83256,528.8,FRUTALES,PLATANO
valle del cauca,2018,6072,85011,532.7,FRUTALES,PLATANO
antioquia,2014,2029,16754,9.1,FRUTALES,PLATANO
boyaca,2014,619,2020,3.9,FRUTALES,PLATANO
caldas,2014,399,2866,9.5,FRUTALES,PLATANO
cauca,2014,114,417,4.4,FRUTALES,PLATANO
cesar,2014,115,1671,14.5,FRUTALES,PLATANO
cundinamarca,2014,2719,12961,6.9,FRUTALES,PLATANO
huila,2014,1264,13318,12.4,FRUTALES,PLATANO
guajira,2014,1489,26351,18.0,FRUTALES,PLATANO
magdalena,2014,280,3604,13.1,FRUTALES,PLATANO
meta,2014,27,0,0.0,FRUTALES,PLATANO
narino,2014,284,881,9.4,FRUTALES,PLATANO
quindio,2014,3597,27403,10.8,FRUTALES,PLATANO
risaralda,2014,1424,5594,7.0,FRUTALES,PLATANO
santander,2014,423,2457,5.8,FRUTALES,PLATANO
tolima,2014,938,1767,2.2,FRUTALES,PLATANO
valle del cauca,2014,2675,10894,5.0,FRUTALES,PLATANO
antioquia,2016,126395,119973,102.49999999999993,OTROS PERMANENTES,CAFE
antioquia,2017,123254,140401,120.39999999999996,OTROS PERMANENTES,CAFE
antioquia,2018,121603,141897,124.00000000000003,OTROS PERMANENTES,CAFE
bolivar,2016,1183,1129,2.0,OTROS PERMANENTES,CAFE
bolivar,2017,1231,749,1.4,OTROS PERMANENTES,CAFE
bolivar,2018,1269,735,1.2,OTROS PERMANENTES,CAFE
boyaca,2016,11448,9584,33.5,OTROS PERMANENTES,CAFE
boyaca,2017,10567,7639,29.399999999999995,OTROS PERMANENTES,CAFE
boyaca,2018,10466,7781,29.6,OTROS PERMANENTES,CAFE
caldas,2016,70789,66661,29.400000000000006,OTROS PERMANENTES,CAFE
caldas,2017,68971,68669,33.6,OTROS PERMANENTES,CAFE
caldas,2018,66915,68670,34.2,OTROS PERMANENTES,CAFE
caqueta,2016,4155,3861,7.000000000000001,OTROS PERMANENTES,CAFE
caqueta,2017,4054,5109,8.2,OTROS PERMANENTES,CAFE
caqueta,2018,4043,5280,8.6,OTROS PERMANENTES,CAFE
casanare,2016,3171,2639,4.3,OTROS PERMANENTES,CAFE
casanare,2017,2916,1747,4.0,OTROS PERMANENTES,CAFE
casanare,2018,2793,1630,3.8,OTROS PERMANENTES,CAFE
cauca,2016,95752,87641,34.7,OTROS PERMANENTES,CAFE
cauca,2017,93305,97920,35.7,OTROS PERMANENTES,CAFE
cauca,2018,92979,102145,36.99999999999999,OTROS PERMANENTES,CAFE
cesar,2016,29020,22649,17.000000000000004,OTROS PERMANENTES,CAFE
cesar,2017,28032,16628,13.399999999999995,OTROS PERMANENTES,CAFE
cesar,2018,26771,14944,11.699999999999998,OTROS PERMANENTES,CAFE
choco,2016,164,161,1.2,OTROS PERMANENTES,CAFE
choco,2017,170,159,1.3,OTROS PERMANENTES,CAFE
choco,2018,171,181,1.3,OTROS PERMANENTES,CAFE
cundinamarca,2016,37677,31410,66.39999999999999,OTROS PERMANENTES,CAFE
cundinamarca,2017,35421,33946,75.19999999999997,OTROS PERMANENTES,CAFE
cundinamarca,2018,33018,32581,77.20000000000002,OTROS PERMANENTES,CAFE
guajira,2016,6131,4389,8.3,OTROS PERMANENTES,CAFE
guajira,2017,5861,3516,7.000000000000001,OTROS PERMANENTES,CAFE
guajira,2018,5191,2991,5.999999999999999,OTROS PERMANENTES,CAFE
huila,2016,151868,145154,39.700000000000024,OTROS PERMANENTES,CAFE
huila,2017,147805,133789,38.00000000000002,OTROS PERMANENTES,CAFE
huila,2018,147138,136161,38.300000000000026,OTROS PERMANENTES,CAFE
magdalena,2016,20516,17030,3.9,OTROS PERMANENTES,CAFE
magdalena,2017,20170,11938,2.8,OTROS PERMANENTES,CAFE
magdalena,2018,19486,10826,2.4,OTROS PERMANENTES,CAFE
meta,2016,3610,3323,10.7,OTROS PERMANENTES,CAFE
meta,2017,3401,4013,11.700000000000001,OTROS PERMANENTES,CAFE
meta,2018,3130,3878,12.000000000000002,OTROS PERMANENTES,CAFE
narino,2016,38753,37022,41.50000000000002,OTROS PERMANENTES,CAFE
narino,2017,38170,35004,37.9,OTROS PERMANENTES,CAFE
narino,2018,37621,35678,38.8,OTROS PERMANENTES,CAFE
norte de santander,2016,24338,19588,32.5,OTROS PERMANENTES,CAFE
norte de santander,2017,23987,23410,38.90000000000003,OTROS PERMANENTES,CAFE
norte de santander,2018,23490,23471,39.10000000000002,OTROS PERMANENTES,CAFE
putumayo,2017,225,282,1.3,OTROS PERMANENTES,CAFE
putumayo,2018,222,289,1.4,OTROS PERMANENTES,CAFE
quindio,2016,25685,23791,14.6,OTROS PERMANENTES,CAFE
quindio,2017,23756,18790,12.5,OTROS PERMANENTES,CAFE
quindio,2018,21747,17738,12.9,OTROS PERMANENTES,CAFE
risaralda,2016,50254,47357,16.4,OTROS PERMANENTES,CAFE
risaralda,2017,48516,46780,16.5,OTROS PERMANENTES,CAFE
risaralda,2018,46984,45920,16.9,OTROS PERMANENTES,CAFE
santander,2016,50609,47514,86.20000000000005,OTROS PERMANENTES,CAFE
santander,2017,50158,54907,94.59999999999997,OTROS PERMANENTES,CAFE
santander,2018,50279,55922,95.69999999999997,OTROS PERMANENTES,CAFE
tolima,2016,117276,105972,38.4,OTROS PERMANENTES,CAFE
tolima,2017,112867,94557,36.39999999999999,OTROS PERMANENTES,CAFE
tolima,2018,112057,97450,37.29999999999998,OTROS PERMANENTES,CAFE
valle del cauca,2016,62956,57065,41.300000000000004,OTROS PERMANENTES,CAFE
valle del cauca,2017,61114,51688,38.29999999999998,OTROS PERMANENTES,CAFE
valle del cauca,2018,56912,49668,39.09999999999999,OTROS PERMANENTES,CAFE
antioquia,2014,120224,201561,2.1,OTROS PERMANENTES,CAFE
bolivar,2014,520,160,0.4,OTROS PERMANENTES,CAFE
boyaca,2014,4233,2330,0.8,OTROS PERMANENTES,CAFE
caldas,2014,80146,103894,1.8,OTROS PERMANENTES,CAFE
cauca,2014,73329,70345,1.2,OTROS PERMANENTES,CAFE
cesar,2014,6150,4201,0.8,OTROS PERMANENTES,CAFE
cundinamarca,2014,23358,28474,1.4,OTROS PERMANENTES,CAFE
huila,2014,139631,192895,1.9,OTROS PERMANENTES,CAFE
guajira,2014,1981,1535,0.8,OTROS PERMANENTES,CAFE
magdalena,2014,21532,20930,1.0,OTROS PERMANENTES,CAFE
meta,2014,358,263,0.8,OTROS PERMANENTES,CAFE
narino,2014,28656,38114,1.6,OTROS PERMANENTES,CAFE
norte de santander,2014,19483,8567,0.5,OTROS PERMANENTES,CAFE
quindio,2014,21801,27080,1.6,OTROS PERMANENTES,CAFE
risaralda,2014,48724,70367,1.7,OTROS PERMANENTES,CAFE
santander,2014,45699,34305,1.1,OTROS PERMANENTES,CAFE
tolima,2014,80980,73723,1.2,OTROS PERMANENTES,CAFE
valle del cauca,2014,40128,33599,1.1,OTROS PERMANENTES,CAFE
casanare,2014,811,970,1.2,OTROS PERMANENTES,CAFE
amazonas,2016,37,17,0.9,OTROS PERMANENTES,CACAO
amazonas,2017,150,15,0.5,OTROS PERMANENTES,CACAO
amazonas,2018,150,15,0.5,OTROS PERMANENTES,CACAO
antioquia,2016,21287,9025,35.300000000000004,OTROS PERMANENTES,CACAO
antioquia,2017,22031,9366,37.900000000000006,OTROS PERMANENTES,CACAO
antioquia,2018,23226,10787,40.39999999999999,OTROS PERMANENTES,CACAO
arauca,2016,17993,7838,3.0,OTROS PERMANENTES,CACAO
arauca,2017,18081,9927,4.2,OTROS PERMANENTES,CACAO
arauca,2018,18405,10516,4.2,OTROS PERMANENTES,CACAO
bolivar,2016,8399,2509,8.100000000000001,OTROS PERMANENTES,CACAO
bolivar,2017,8650,2636,7.100000000000001,OTROS PERMANENTES,CACAO
bolivar,2018,8910,2746,7.300000000000001,OTROS PERMANENTES,CACAO
boyaca,2016,5459,2157,11.0,OTROS PERMANENTES,CACAO
boyaca,2017,5426,2303,10.5,OTROS PERMANENTES,CACAO
boyaca,2018,5804,2781,11.5,OTROS PERMANENTES,CACAO
caldas,2016,4304,1417,9.9,OTROS PERMANENTES,CACAO
caldas,2017,4411,1848,9.4,OTROS PERMANENTES,CACAO
caldas,2018,4726,1918,9.299999999999999,OTROS PERMANENTES,CACAO
caqueta,2016,4598,592,6.300000000000002,OTROS PERMANENTES,CACAO
caqueta,2017,4312,1036,6.400000000000001,OTROS PERMANENTES,CACAO
caqueta,2018,4906,1562,6.9,OTROS PERMANENTES,CACAO
casanare,2016,1581,514,8.8,OTROS PERMANENTES,CACAO
casanare,2017,1138,417,7.9,OTROS PERMANENTES,CACAO
casanare,2018,1411,465,8.400000000000002,OTROS PERMANENTES,CACAO
cauca,2016,3185,610,8.699999999999998,OTROS PERMANENTES,CACAO
cauca,2017,3875,1463,11.0,OTROS PERMANENTES,CACAO
cauca,2018,4320,1737,11.899999999999999,OTROS PERMANENTES,CACAO
cesar,2016,6550,2702,8.500000000000002,OTROS PERMANENTES,CACAO
cesar,2017,7090,2683,9.200000000000001,OTROS PERMANENTES,CACAO
cesar,2018,8217,2835,9.8,OTROS PERMANENTES,CACAO
choco,2016,5708,1854,9.300000000000002,OTROS PERMANENTES,CACAO
choco,2017,5538,1664,10.6,OTROS PERMANENTES,CACAO
choco,2018,6742,1931,10.6,OTROS PERMANENTES,CACAO
cordoba,2016,3050,1290,6.1,OTROS PERMANENTES,CACAO
cordoba,2017,3230,1328,6.6,OTROS PERMANENTES,CACAO
cordoba,2018,3385,1754,7.0,OTROS PERMANENTES,CACAO
cundinamarca,2016,6407,3333,20.2,OTROS PERMANENTES,CACAO
cundinamarca,2017,6762,3421,20.4,OTROS PERMANENTES,CACAO
cundinamarca,2018,6997,3607,20.599999999999998,OTROS PERMANENTES,CACAO
guainia,2016,1264,79,0.8,OTROS PERMANENTES,CACAO
guainia,2017,1539,109,0.9,OTROS PERMANENTES,CACAO
guainia,2018,1521,87,1.0,OTROS PERMANENTES,CACAO
guajira,2016,649,348,4.5,OTROS PERMANENTES,CACAO
guajira,2017,705,354,4.5,OTROS PERMANENTES,CACAO
guajira,2018,501,236,4.5,OTROS PERMANENTES,CACAO
guaviare,2016,1193,361,2.0,OTROS PERMANENTES,CACAO
guaviare,2017,1253,377,2.0,OTROS PERMANENTES,CACAO
guaviare,2018,1773,568,2.0,OTROS PERMANENTES,CACAO
huila,2016,7323,4164,21.900000000000002,OTROS PERMANENTES,CACAO
huila,2017,7451,4456,22.800000000000004,OTROS PERMANENTES,CACAO
huila,2018,7745,4718,22.400000000000002,OTROS PERMANENTES,CACAO
magdalena,2016,2402,680,2.3,OTROS PERMANENTES,CACAO
magdalena,2017,2523,902,2.4,OTROS PERMANENTES,CACAO
magdalena,2018,2523,902,2.4,OTROS PERMANENTES,CACAO
meta,2016,10359,3359,16.999999999999996,OTROS PERMANENTES,CACAO
meta,2017,9232,4036,16.399999999999995,OTROS PERMANENTES,CACAO
meta,2018,10472,4423,17.099999999999998,OTROS PERMANENTES,CACAO
narino,2016,20785,5873,10.2,OTROS PERMANENTES,CACAO
narino,2017,22220,4106,8.8,OTROS PERMANENTES,CACAO
narino,2018,22483,4148,9.000000000000002,OTROS PERMANENTES,CACAO
norte de santander,2016,11138,5881,13.999999999999998,OTROS PERMANENTES,CACAO
norte de santander,2017,10314,5389,14.7,OTROS PERMANENTES,CACAO
norte de santander,2018,10423,5278,14.7,OTROS PERMANENTES,CACAO
putumayo,2016,4480,1761,3.8999999999999995,OTROS PERMANENTES,CACAO
putumayo,2017,4525,2091,4.4,OTROS PERMANENTES,CACAO
putumayo,2018,4854,3123,5.1000000000000005,OTROS PERMANENTES,CACAO
quindio,2016,322,214,5.9,OTROS PERMANENTES,CACAO
quindio,2017,360,278,6.8,OTROS PERMANENTES,CACAO
quindio,2018,440,376,6.499999999999999,OTROS PERMANENTES,CACAO
risaralda,2016,1861,1257,5.599999999999999,OTROS PERMANENTES,CACAO
risaralda,2017,1776,1377,6.399999999999999,OTROS PERMANENTES,CACAO
risaralda,2018,2016,1438,6.699999999999999,OTROS PERMANENTES,CACAO
santander,2016,52569,23434,25.099999999999998,OTROS PERMANENTES,CACAO
santander,2017,55396,22888,24.900000000000002,OTROS PERMANENTES,CACAO
santander,2018,56243,24893,26.90000000000001,OTROS PERMANENTES,CACAO
sucre,2016,254,88,4.0,OTROS PERMANENTES,CACAO
sucre,2017,402,158,4.5,OTROS PERMANENTES,CACAO
sucre,2018,513,209,4.5,OTROS PERMANENTES,CACAO
tolima,2016,11299,5073,18.3,OTROS PERMANENTES,CACAO
tolima,2017,13010,6063,17.7,OTROS PERMANENTES,CACAO
tolima,2018,13731,6655,18.6,OTROS PERMANENTES,CACAO
valle del cauca,2016,1389,727,20.4,OTROS PERMANENTES,CACAO
valle del cauca,2017,1526,741,19.099999999999998,OTROS PERMANENTES,CACAO
valle del cauca,2018,1771,849,19.900000000000002,OTROS PERMANENTES,CACAO
vaupes,2016,60,0,0.0,OTROS PERMANENTES,CACAO
vaupes,2017,30,4,0.4,OTROS PERMANENTES,CACAO
vaupes,2018,30,11,0.4,OTROS PERMANENTES,CACAO
vichada,2016,877,75,0.5,OTROS PERMANENTES,CACAO
vichada,2017,1022,424,1.2,OTROS PERMANENTES,CACAO
vichada,2018,1240,479,1.3,OTROS PERMANENTES,CACAO
antioquia,2014,18570,8512,0.9,OTROS PERMANENTES,CACAO
bolivar,2014,1215,907,0.8,OTROS PERMANENTES,CACAO
boyaca,2014,4837,2017,0.6,OTROS PERMANENTES,CACAO
caldas,2014,1182,602,0.6,OTROS PERMANENTES,CACAO
cauca,2014,2284,816,0.4,OTROS PERMANENTES,CACAO
cesar,2014,5100,8549,1.7,OTROS PERMANENTES,CACAO
cordoba,2014,26,3,0.1,OTROS PERMANENTES,CACAO
cundinamarca,2014,4484,2091,0.5,OTROS PERMANENTES,CACAO
huila,2014,7051,9175,1.4,OTROS PERMANENTES,CACAO
guajira,2014,519,216,0.4,OTROS PERMANENTES,CACAO
magdalena,2014,555,243,0.5,OTROS PERMANENTES,CACAO
meta,2014,3375,747,0.3,OTROS PERMANENTES,CACAO
narino,2014,395,439,1.1,OTROS PERMANENTES,CACAO
norte de santander,2014,5413,1070,0.2,OTROS PERMANENTES,CACAO
risaralda,2014,387,93,0.2,OTROS PERMANENTES,CACAO
santander,2014,29317,12868,0.6,OTROS PERMANENTES,CACAO
sucre,2014,67,0,0.0,OTROS PERMANENTES,CACAO
tolima,2014,8524,4827,0.7,OTROS PERMANENTES,CACAO
valle del cauca,2014,285,132,0.7,OTROS PERMANENTES,CACAO
casanare,2014,190,115,0.6,OTROS PERMANENTES,CACAO
antioquia,2016,9590,4755,14.9,FORESTALES,CAUCHO
antioquia,2017,9023,1545,15.9,FORESTALES,CAUCHO
antioquia,2018,9033,1775,17.0,FORESTALES,CAUCHO
bolivar,2016,599,153,0.9,FORESTALES,CAUCHO
bolivar,2017,609,65,2.1,FORESTALES,CAUCHO
bolivar,2018,624,119,2.7,FORESTALES,CAUCHO
caldas,2016,2579,1471,6.1,FORESTALES,CAUCHO
caldas,2017,2628,1610,12.399999999999999,FORESTALES,CAUCHO
caldas,2018,2674,2176,12.6,FORESTALES,CAUCHO
caqueta,2016,6800,3175,18.799999999999997,FORESTALES,CAUCHO
caqueta,2017,6006,6169,17.699999999999996,FORESTALES,CAUCHO
caqueta,2018,6487,6262,18.199999999999996,FORESTALES,CAUCHO
casanare,2016,1022,173,2.0,FORESTALES,CAUCHO
casanare,2017,1594,134,4.1,FORESTALES,CAUCHO
casanare,2018,1594,176,4.5,FORESTALES,CAUCHO
cesar,2016,257,100,1.0,FORESTALES,CAUCHO
cesar,2017,115,0,0.0,FORESTALES,CAUCHO
cesar,2018,118,0,0.0,FORESTALES,CAUCHO
cordoba,2016,2496,946,1.5,FORESTALES,CAUCHO
cordoba,2017,2461,1703,2.0,FORESTALES,CAUCHO
cordoba,2018,2461,2208,3.0,FORESTALES,CAUCHO
cundinamarca,2016,628,224,7.7,FORESTALES,CAUCHO
cundinamarca,2017,791,275,9.8,FORESTALES,CAUCHO
cundinamarca,2018,808,339,9.9,FORESTALES,CAUCHO
guainia,2016,59,0,0.0,FORESTALES,CAUCHO
guainia,2017,30,45,1.5,FORESTALES,CAUCHO
guainia,2018,10,15,1.5,FORESTALES,CAUCHO
guaviare,2016,2207,402,4.0,FORESTALES,CAUCHO
guaviare,2017,2115,396,6.8,FORESTALES,CAUCHO
guaviare,2018,2370,1170,6.8,FORESTALES,CAUCHO
meta,2016,21846,3496,25.699999999999996,FORESTALES,CAUCHO
meta,2017,22775,3725,24.499999999999996,FORESTALES,CAUCHO
meta,2018,22982,3945,24.099999999999998,FORESTALES,CAUCHO
norte de santander,2016,300,0,0.0,FORESTALES,CAUCHO
norte de santander,2017,300,0,0.0,FORESTALES,CAUCHO
norte de santander,2018,300,0,0.0,FORESTALES,CAUCHO
putumayo,2016,605,277,3.9000000000000004,FORESTALES,CAUCHO
putumayo,2017,605,277,3.9000000000000004,FORESTALES,CAUCHO
putumayo,2018,605,277,3.9000000000000004,FORESTALES,CAUCHO
quindio,2016,5,2,0.4,FORESTALES,CAUCHO
santander,2016,12105,7606,16.0,FORESTALES,CAUCHO
santander,2017,11962,8370,16.200000000000003,FORESTALES,CAUCHO
santander,2018,12090,8261,16.1,FORESTALES,CAUCHO
tolima,2016,190,78,2.8,FORESTALES,CAUCHO
tolima,2017,230,405,5.5,FORESTALES,CAUCHO
tolima,2018,250,465,5.5,FORESTALES,CAUCHO
vichada,2016,302,0,0.0,FORESTALES,CAUCHO
vichada,2017,302,0,0.0,FORESTALES,CAUCHO
vichada,2018,302,0,0.0,FORESTALES,CAUCHO
amazonas,2017,5,1,0.8,LEGUMINOSAS,FRIJOL
amazonas,2018,5,2,0.8,LEGUMINOSAS,FRIJOL
antioquia,2016,11997,17485,224.00000000000003,LEGUMINOSAS,FRIJOL
antioquia,2017,12389,16680,245.1000000000001,LEGUMINOSAS,FRIJOL
antioquia,2018,7343,7832,122.99999999999997,LEGUMINOSAS,FRIJOL
atlantico,2016,794,555,16.900000000000002,LEGUMINOSAS,FRIJOL
atlantico,2017,718,569,19.300000000000004,LEGUMINOSAS,FRIJOL
atlantico,2018,449,231,9.7,LEGUMINOSAS,FRIJOL
bolivar,2016,3593,2611,21.000000000000004,LEGUMINOSAS,FRIJOL
bolivar,2017,2948,2485,26.999999999999993,LEGUMINOSAS,FRIJOL
bolivar,2018,2502,876,13.2,LEGUMINOSAS,FRIJOL
boyaca,2016,4429,4287,175.80000000000004,LEGUMINOSAS,FRIJOL
boyaca,2017,4542,4388,160.2,LEGUMINOSAS,FRIJOL
boyaca,2018,2946,2564,70.49999999999999,LEGUMINOSAS,FRIJOL
caldas,2016,1035,1955,70.3,LEGUMINOSAS,FRIJOL
caldas,2017,866,973,56.29999999999999,LEGUMINOSAS,FRIJOL
caldas,2018,501,480,23.7,LEGUMINOSAS,FRIJOL
caqueta,2016,290,99,1.5,LEGUMINOSAS,FRIJOL
caqueta,2017,290,214,1.5,LEGUMINOSAS,FRIJOL
casanare,2016,69,59,6.5,LEGUMINOSAS,FRIJOL
casanare,2017,59,56,5.1,LEGUMINOSAS,FRIJOL
casanare,2018,64,0,0.0,LEGUMINOSAS,FRIJOL
cauca,2016,5035,4930,77.39999999999999,LEGUMINOSAS,FRIJOL
cauca,2017,5241,5944,79.69999999999999,LEGUMINOSAS,FRIJOL
cauca,2018,2964,3613,42.599999999999994,LEGUMINOSAS,FRIJOL
cesar,2016,6533,3209,30.700000000000014,LEGUMINOSAS,FRIJOL
cesar,2017,6997,4894,33.40000000000001,LEGUMINOSAS,FRIJOL
cesar,2018,3342,2768,17.0,LEGUMINOSAS,FRIJOL
choco,2016,12,26,2.8,LEGUMINOSAS,FRIJOL
choco,2017,14,26,3.9,LEGUMINOSAS,FRIJOL
choco,2018,7,18,2.5,LEGUMINOSAS,FRIJOL
cordoba,2016,1931,1316,14.6,LEGUMINOSAS,FRIJOL
cordoba,2017,1548,2012,15.4,LEGUMINOSAS,FRIJOL
cordoba,2018,51,1380,12.600000000000001,LEGUMINOSAS,FRIJOL
cundinamarca,2016,8248,13169,134.8,LEGUMINOSAS,FRIJOL
cundinamarca,2017,8315,13161,159.2,LEGUMINOSAS,FRIJOL
cundinamarca,2018,2555,9824,91.2,LEGUMINOSAS,FRIJOL
guajira,2016,2119,1173,22.2,LEGUMINOSAS,FRIJOL
guajira,2017,2252,1408,24.8,LEGUMINOSAS,FRIJOL
guajira,2018,1817,975,12.6,LEGUMINOSAS,FRIJOL
huila,2016,24354,22222,69.49999999999999,LEGUMINOSAS,FRIJOL
huila,2017,21816,26050,73.29999999999997,LEGUMINOSAS,FRIJOL
huila,2018,10344,11760,37.6,LEGUMINOSAS,FRIJOL
magdalena,2016,3895,855,19.2,LEGUMINOSAS,FRIJOL
magdalena,2017,2265,1297,23.2,LEGUMINOSAS,FRIJOL
magdalena,2018,1571,486,12.6,LEGUMINOSAS,FRIJOL
meta,2016,1075,1232,8.4,LEGUMINOSAS,FRIJOL
meta,2017,1809,1527,7.9,LEGUMINOSAS,FRIJOL
meta,2018,35,1862,4.5,LEGUMINOSAS,FRIJOL
narino,2016,12615,10967,91.59999999999998,LEGUMINOSAS,FRIJOL
narino,2017,10652,10550,103.29999999999998,LEGUMINOSAS,FRIJOL
narino,2018,8320,4624,44.699999999999996,LEGUMINOSAS,FRIJOL
norte de santander,2016,5508,9568,96.80000000000003,LEGUMINOSAS,FRIJOL
norte de santander,2017,5626,9653,96.0,LEGUMINOSAS,FRIJOL
norte de santander,2018,2647,4585,46.6,LEGUMINOSAS,FRIJOL
putumayo,2016,871,1577,7.7,LEGUMINOSAS,FRIJOL
putumayo,2017,855,1168,6.8999999999999995,LEGUMINOSAS,FRIJOL
quindio,2016,218,271,29.900000000000002,LEGUMINOSAS,FRIJOL
quindio,2017,221,292,31.999999999999996,LEGUMINOSAS,FRIJOL
quindio,2018,79,120,11.6,LEGUMINOSAS,FRIJOL
risaralda,2016,568,524,28.299999999999997,LEGUMINOSAS,FRIJOL
risaralda,2017,650,525,22.6,LEGUMINOSAS,FRIJOL
risaralda,2018,368,234,11.8,LEGUMINOSAS,FRIJOL
santander,2016,9138,10011,115.30000000000001,LEGUMINOSAS,FRIJOL
santander,2017,7271,9029,142.79999999999995,LEGUMINOSAS,FRIJOL
santander,2018,4299,3515,71.60000000000002,LEGUMINOSAS,FRIJOL
sucre,2016,259,99,12.099999999999998,LEGUMINOSAS,FRIJOL
sucre,2017,208,187,14.6,LEGUMINOSAS,FRIJOL
sucre,2018,130,63,6.1,LEGUMINOSAS,FRIJOL
tolima,2016,21021,23001,73.90000000000002,LEGUMINOSAS,FRIJOL
tolima,2017,17275,20966,78.50000000000003,LEGUMINOSAS,FRIJOL
tolima,2018,9885,9981,32.49999999999999,LEGUMINOSAS,FRIJOL
valle del cauca,2016,2374,2247,91.59999999999995,LEGUMINOSAS,FRIJOL
valle del cauca,2017,1836,2534,91.50000000000001,LEGUMINOSAS,FRIJOL
valle del cauca,2018,782,1054,42.2,LEGUMINOSAS,FRIJOL
vichada,2016,8,0,0.0,LEGUMINOSAS,FRIJOL
vichada,2017,8,6,1.0,LEGUMINOSAS,FRIJOL
amazonas,2015,110,157,5.2,CEREALES,MAIZ FORRAJERO
amazonas,2016,110,169,5.0,CEREALES,MAIZ FORRAJERO
amazonas,2017,69,60,2.8,CEREALES,MAIZ FORRAJERO
amazonas,2018,10,30,1.5,CEREALES,MAIZ FORRAJERO
antioquia,2015,31065,54446,304.90000000000003,CEREALES,MAIZ FORRAJERO
antioquia,2016,32867,56631,393.1,CEREALES,MAIZ FORRAJERO
antioquia,2017,25834,53781,416.10000000000025,CEREALES,MAIZ FORRAJERO
antioquia,2018,15094,22536,176.79999999999998,CEREALES,MAIZ FORRAJERO
arauca,2015,16663,21707,17.9,CEREALES,MAIZ FORRAJERO
arauca,2016,16640,20965,17.900000000000002,CEREALES,MAIZ FORRAJERO
arauca,2017,13390,17602,15.299999999999999,CEREALES,MAIZ FORRAJERO
arauca,2018,5600,10437,9.7,CEREALES,MAIZ FORRAJERO
atlantico,2015,8203,6766,52.09999999999999,CEREALES,MAIZ FORRAJERO
atlantico,2016,9556,8801,76.10000000000001,CEREALES,MAIZ FORRAJERO
atlantico,2017,10055,15185,90.69999999999999,CEREALES,MAIZ FORRAJERO
atlantico,2018,6757,6395,43.8,CEREALES,MAIZ FORRAJERO
bolivar,2015,84786,115854,140.39999999999995,CEREALES,MAIZ FORRAJERO
bolivar,2016,88734,108106,144.79999999999998,CEREALES,MAIZ FORRAJERO
bolivar,2017,77302,121886,145.70000000000002,CEREALES,MAIZ FORRAJERO
bolivar,2018,49110,55069,70.7,CEREALES,MAIZ FORRAJERO
boyaca,2015,10333,13747,220.5,CEREALES,MAIZ FORRAJERO
boyaca,2016,10466,13304,217.9,CEREALES,MAIZ FORRAJERO
boyaca,2017,9346,12959,243.70000000000013,CEREALES,MAIZ FORRAJERO
boyaca,2018,7170,3263,88.29999999999998,CEREALES,MAIZ FORRAJERO
caldas,2015,2321,26687,225.80000000000007,CEREALES,MAIZ FORRAJERO
caldas,2016,1465,14508,209.1,CEREALES,MAIZ
caldas,2017,1302,3405,147.8,CEREALES,MAIZ
caldas,2018,734,1380,64.5,CEREALES,MAIZ
caqueta,2015,7189,9256,67.2,CEREALES,MAIZ
caqueta,2016,12490,17707,66.9,CEREALES,MAIZ
caqueta,2017,10404,10913,40.8,CEREALES,MAIZ
caqueta,2018,7749,2927,17.3,CEREALES,MAIZ
casanare,2015,4626,9749,114.69999999999999,CEREALES,MAIZ
casanare,2016,2826,8438,127.09999999999998,CEREALES,MAIZ
casanare,2017,3476,5416,87.2,CEREALES,MAIZ
casanare,2018,2394,2825,39.800000000000004,CEREALES,MAIZ
cauca,2015,8052,16439,162.20000000000002,CEREALES,MAIZ
cauca,2016,12637,17763,159.5,CEREALES,MAIZ
cauca,2017,12690,20410,154.7,CEREALES,MAIZ
cauca,2018,6908,9604,70.4,CEREALES,MAIZ
cesar,2015,32042,21118,80.9,CEREALES,MAIZ
cesar,2016,31985,30463,124.40000000000002,CEREALES,MAIZ
cesar,2017,35798,46852,144.9,CEREALES,MAIZ
cesar,2018,18939,33168,114.59999999999998,CEREALES,MAIZ
choco,2015,14970,12506,29.699999999999978,CEREALES,MAIZ
choco,2016,15231,13565,33.69999999999998,CEREALES,MAIZ
choco,2017,13999,14442,38.79999999999999,CEREALES,MAIZ
choco,2018,9554,7070,22.7,CEREALES,MAIZ
cordoba,2015,63745,187193,211.29999999999998,CEREALES,MAIZ
cordoba,2016,69555,222640,201.90000000000003,CEREALES,MAIZ
cordoba,2017,67937,200737,207.60000000000002,CEREALES,MAIZ
cordoba,2018,43465,41806,89.99999999999999,CEREALES,MAIZ
cundinamarca,2015,21221,43566,413.5000000000002,CEREALES,MAIZ
cundinamarca,2016,21441,45224,454.79999999999995,CEREALES,MAIZ
cundinamarca,2017,22860,71682,648.7999999999998,CEREALES,MAIZ
cundinamarca,2018,12224,37106,318.40000000000015,CEREALES,MAIZ
guainia,2015,189,350,4.5,CEREALES,MAIZ
guainia,2016,175,219,7.0,CEREALES,MAIZ
guainia,2017,224,221,6.0,CEREALES,MAIZ
guainia,2018,45,169,2.0,CEREALES,MAIZ
guajira,2015,8914,8583,31.600000000000005,CEREALES,MAIZ
guajira,2016,15963,6497,34.400000000000006,CEREALES,MAIZ
guajira,2017,15346,26014,41.900000000000006,CEREALES,MAIZ
guajira,2018,5904,20680,23.900000000000002,CEREALES,MAIZ
guaviare,2015,8666,11651,12.0,CEREALES,MAIZ
guaviare,2016,9315,12941,12.0,CEREALES,MAIZ
guaviare,2017,5305,12917,10.5,CEREALES,MAIZ
guaviare,2018,5400,0,0.0,CEREALES,MAIZ
huila,2015,31821,81879,378.00000000000017,CEREALES,MAIZ
huila,2016,31486,75011,379.5999999999992,CEREALES,MAIZ
huila,2017,27742,82162,405.8,CEREALES,MAIZ
huila,2018,12185,35802,198.4,CEREALES,MAIZ
magdalena,2015,26448,28728,63.20000000000003,CEREALES,MAIZ
magdalena,2016,29758,20607,56.900000000000006,CEREALES,MAIZ
magdalena,2017,33632,26408,60.900000000000055,CEREALES,MAIZ
magdalena,2018,22553,16866,33.400000000000006,CEREALES,MAIZ
meta,2015,46208,255798,547.2000000000003,CEREALES,MAIZ
meta,2016,83670,457300,455.19999999999993,CEREALES,MAIZ
meta,2017,100454,504202,246.39999999999995,CEREALES,MAIZ
meta,2018,71254,205210,121.49999999999997,CEREALES,MAIZ
narino,2015,14218,15904,149.80000000000004,CEREALES,MAIZ
narino,2016,13580,18390,193.0,CEREALES,MAIZ
narino,2017,13004,18583,194.6,CEREALES,MAIZ
narino,2018,13675,5923,70.89999999999998,CEREALES,MAIZ
norte de santander,2015,7122,13002,122.90000000000002,CEREALES,MAIZ
norte de santander,2016,6955,13627,133.70000000000005,CEREALES,MAIZ
norte de santander,2017,6723,14043,136.5,CEREALES,MAIZ
norte de santander,2018,3431,8352,59.20000000000002,CEREALES,MAIZ
putumayo,2015,3485,4547,31.000000000000007,CEREALES,MAIZ
putumayo,2016,5522,6033,24.6,CEREALES,MAIZ
putumayo,2017,6219,3747,23.3,CEREALES,MAIZ
putumayo,2018,4609,3166,9.6,CEREALES,MAIZ
quindio,2015,566,1267,40.1,CEREALES,MAIZ
quindio,2016,1477,1891,36.1,CEREALES,MAIZ
quindio,2017,900,2845,49.800000000000004,CEREALES,MAIZ
quindio,2018,811,1171,26.0,CEREALES,MAIZ
risaralda,2015,1336,5004,79.7,CEREALES,MAIZ
risaralda,2016,1906,8468,89.09999999999998,CEREALES,MAIZ
risaralda,2017,1895,6802,75.89999999999999,CEREALES,MAIZ
risaralda,2018,959,3939,32.9,CEREALES,MAIZ
san andres,2015,2,2,2.0,CEREALES,MAIZ
san andres,2018,1,0,0.0,CEREALES,MAIZ
santander,2015,12688,21124,329.4999999999999,CEREALES,MAIZ
santander,2016,11594,21877,335.5,CEREALES,MAIZ
santander,2017,10975,17909,327.9,CEREALES,MAIZ
santander,2018,6481,7280,132.00000000000003,CEREALES,MAIZ
sucre,2015,19912,45267,176.00000000000003,CEREALES,MAIZ
sucre,2016,21801,38818,142.29999999999995,CEREALES,MAIZ
sucre,2017,21129,41244,139.1,CEREALES,MAIZ
sucre,2018,13279,12263,66.49999999999999,CEREALES,MAIZ
tolima,2015,50652,200831,270.90000000000003,CEREALES,MAIZ
tolima,2016,54011,194933,317.6,CEREALES,MAIZ
tolima,2017,40017,169938,378.7999999999999,CEREALES,MAIZ
tolima,2018,18787,82749,176.89999999999998,CEREALES,MAIZ
valle del cauca,2015,20308,128552,631.8999999999999,CEREALES,MAIZ
valle del cauca,2016,20576,122355,601.3,CEREALES,MAIZ
valle del cauca,2017,22430,133519,760.0999999999999,CEREALES,MAIZ
valle del cauca,2018,10190,79045,412.90000000000003,CEREALES,MAIZ
vaupes,2015,361,366,4.6000000000000005,CEREALES,MAIZ
vaupes,2016,215,456,7.1,CEREALES,MAIZ
vaupes,2017,257,531,9.4,CEREALES,MAIZ
vaupes,2018,204,213,2.8,CEREALES,MAIZ
vichada,2015,21750,42484,20.0,CEREALES,MAIZ
vichada,2016,21529,134742,28.0,CEREALES,MAIZ
vichada,2017,10064,113759,29.799999999999997,CEREALES,MAIZ
vichada,2018,4810,14385,10.4,CEREALES,MAIZ
antioquia,2014,1159,2763,623.0,CEREALES,MAIZ FORRAJERO
atlantico,2014,1837,4462,1509.0,CEREALES,MAIZ FORRAJERO
bolivar,2014,6407,16843,4694.0,CEREALES,MAIZ FORRAJERO
boyaca,2014,7836,10627,5461.0,CEREALES,MAIZ FORRAJERO
cauca,2014,3143,14523,6021.0,CEREALES,MAIZ FORRAJERO
cesar,2014,8288,16049,7804.0,CEREALES,MAIZ FORRAJERO
cordoba,2014,13769,26198,3656.0,CEREALES,MAIZ FORRAJERO
cundinamarca,2014,4262,12666,6235.0,CEREALES,MAIZ FORRAJERO
huila,2014,2035,7443,4479.0,CEREALES,MAIZ FORRAJERO
guajira,2014,1618,2902,272.0,CEREALES,MAIZ FORRAJERO
magdalena,2014,2366,16827,1581.0,CEREALES,MAIZ FORRAJERO
meta,2014,7675,14932,4218.0,CEREALES,MAIZ FORRAJERO
narino,2014,810,11901,2455.0,CEREALES,MAIZ FORRAJERO
norte de santander,2014,2466,5142,2625.0,CEREALES,MAIZ FORRAJERO
quindio,2014,436,1119,137.0,CEREALES,MAIZ FORRAJERO
risaralda,2014,1895,4864,2386.0,CEREALES,MAIZ FORRAJERO
santander,2014,3417,6619,3680.0,CEREALES,MAIZ FORRAJERO
sucre,2014,2639,5475,819.0,CEREALES,MAIZ FORRAJERO
tolima,2014,5616,23577,12793.0,CEREALES,MAIZ FORRAJERO
valle del cauca,2014,2853,5307,2167.0,CEREALES,MAIZ FORRAJERO
casanare,2014,1006,3238,289.0,CEREALES,MAIZ FORRAJERO
antioquia,2015,2810,17268,94.1,FRUTALES,MANGO
antioquia,2016,2648,14405,115.0,FRUTALES,MANGO
antioquia,2017,2667,17917,114.3,FRUTALES,MANGO
antioquia,2018,2674,17915,107.4,FRUTALES,MANGO
atlantico,2015,2406,14668,215.5,FRUTALES,MANGO
atlantico,2016,2701,28016,300.0,FRUTALES,MANGO
atlantico,2017,2956,35059,298.4,FRUTALES,MANGO
atlantico,2018,3403,43415,311.7,FRUTALES,MANGO
bolivar,2015,1968,18066,256.5,FRUTALES,MANGO
bolivar,2016,2023,19066,259.4,FRUTALES,MANGO
bolivar,2017,2064,20365,283.2,FRUTALES,MANGO
bolivar,2018,2073,24673,296.0,FRUTALES,MANGO
boyaca,2015,23,93,17.0,FRUTALES,MANGO
boyaca,2016,79,203,10.5,FRUTALES,MANGO
boyaca,2017,94,294,28.5,FRUTALES,MANGO
boyaca,2018,96,295,29.0,FRUTALES,MANGO
caldas,2015,570,1450,5.0,FRUTALES,MANGO
caldas,2016,13,50,5.0,FRUTALES,MANGO
caldas,2017,6,108,18.0,FRUTALES,MANGO
caldas,2018,6,108,18.0,FRUTALES,MANGO
casanare,2015,22,48,6.0,FRUTALES,MANGO
casanare,2016,22,48,6.0,FRUTALES,MANGO
casanare,2017,5,75,15.0,FRUTALES,MANGO
casanare,2018,7,105,15.0,FRUTALES,MANGO
cauca,2015,439,2792,58.9,FRUTALES,MANGO
cauca,2016,382,1894,45.4,FRUTALES,MANGO
cauca,2017,172,555,38.5,FRUTALES,MANGO
cauca,2018,209,636,40.0,FRUTALES,MANGO
cesar,2015,1003,7952,96.0,FRUTALES,MANGO
cesar,2016,1231,7755,105.0,FRUTALES,MANGO
cesar,2017,1975,10305,116.0,FRUTALES,MANGO
cesar,2018,2012,10400,118.7,FRUTALES,MANGO
cordoba,2015,2065,17099,95.1,FRUTALES,MANGO
cordoba,2016,2374,21923,98.2,FRUTALES,MANGO
cordoba,2017,2665,17193,94.5,FRUTALES,MANGO
cordoba,2018,3277,25488,110.5,FRUTALES,MANGO
cundinamarca,2015,9403,71627,166.39999999999998,FRUTALES,MANGO
cundinamarca,2016,10458,75969,157.79999999999998,FRUTALES,MANGO
cundinamarca,2017,9424,68529,165.3,FRUTALES,MANGO
cundinamarca,2018,9633,97901,195.1,FRUTALES,MANGO
guajira,2015,261,1322,46.0,FRUTALES,MANGO
guajira,2016,273,1331,46.0,FRUTALES,MANGO
guajira,2017,284,1345,47.0,FRUTALES,MANGO
guajira,2018,307,1376,44.0,FRUTALES,MANGO
huila,2015,212,1733,187.0,FRUTALES,MANGO
huila,2016,228,2033,198.0,FRUTALES,MANGO
huila,2017,257,2162,194.0,FRUTALES,MANGO
huila,2018,295,2907,255.0,FRUTALES,MANGO
magdalena,2015,2667,22504,114.0,FRUTALES,MANGO
magdalena,2016,2845,22086,95.0,FRUTALES,MANGO
magdalena,2017,3633,31427,131.0,FRUTALES,MANGO
magdalena,2018,4133,33876,133.0,FRUTALES,MANGO
narino,2015,48,220,25.5,FRUTALES,MANGO
narino,2016,175,1287,23.0,FRUTALES,MANGO
narino,2017,219,856,14.0,FRUTALES,MANGO
narino,2018,222,873,15.0,FRUTALES,MANGO
norte de santander,2015,17,216,39.0,FRUTALES,MANGO
norte de santander,2016,16,216,39.0,FRUTALES,MANGO
norte de santander,2017,24,358,59.0,FRUTALES,MANGO
norte de santander,2018,26,373,59.0,FRUTALES,MANGO
san andres,2018,2,2,7.5,FRUTALES,MANGO
santander,2015,111,667,47.4,FRUTALES,MANGO
santander,2016,40,514,47.0,FRUTALES,MANGO
santander,2017,71,617,111.0,FRUTALES,MANGO
santander,2018,86,702,111.0,FRUTALES,MANGO
sucre,2015,410,1604,87.0,FRUTALES,MANGO
sucre,2016,450,1841,76.5,FRUTALES,MANGO
sucre,2017,493,5608,99.5,FRUTALES,MANGO
sucre,2018,597,6879,121.69999999999999,FRUTALES,MANGO
tolima,2015,6231,75446,240.3,FRUTALES,MANGO
tolima,2016,10715,81625,200.0,FRUTALES,MANGO
tolima,2017,6226,65386,170.0,FRUTALES,MANGO
tolima,2018,6470,67580,182.0,FRUTALES,MANGO
valle del cauca,2015,172,1183,87.3,FRUTALES,MANGO
valle del cauca,2016,203,1722,122.4,FRUTALES,MANGO
valle del cauca,2017,235,2451,170.1,FRUTALES,MANGO
valle del cauca,2018,249,3189,204.1,FRUTALES,MANGO
antioquia,2015,3566,6371,17.7,OLEAGINOSAS,PALMA DE ACEITE
antioquia,2016,3542,4989,11.2,OLEAGINOSAS,PALMA DE ACEITE
antioquia,2017,4977,8446,17.3,OLEAGINOSAS,PALMA DE ACEITE
antioquia,2018,5577,7628,17.8,OLEAGINOSAS,PALMA DE ACEITE
arauca,2015,100,0,0.0,OLEAGINOSAS,PALMA DE ACEITE
arauca,2016,100,0,0.0,OLEAGINOSAS,PALMA DE ACEITE
atlantico,2015,220,770,3.5,OLEAGINOSAS,PALMA DE ACEITE
atlantico,2016,312,944,5.9,OLEAGINOSAS,PALMA DE ACEITE
atlantico,2017,312,1096,6.6,OLEAGINOSAS,PALMA DE ACEITE
atlantico,2018,312,1096,6.6,OLEAGINOSAS,PALMA DE ACEITE
bolivar,2015,40873,95970,33.5,OLEAGINOSAS,PALMA DE ACEITE
bolivar,2016,45956,89308,31.8,OLEAGINOSAS,PALMA DE ACEITE
bolivar,2017,44933,131099,37.89999999999999,OLEAGINOSAS,PALMA DE ACEITE
bolivar,2018,45155,137226,45.39999999999999,OLEAGINOSAS,PALMA DE ACEITE
caqueta,2015,360,540,1.5,OLEAGINOSAS,PALMA DE ACEITE
caqueta,2016,350,525,1.5,OLEAGINOSAS,PALMA DE ACEITE
caqueta,2017,350,420,1.2,OLEAGINOSAS,PALMA DE ACEITE
caqueta,2018,350,420,1.2,OLEAGINOSAS,PALMA DE ACEITE
casanare,2015,77838,212510,33.6,OLEAGINOSAS,PALMA DE ACEITE
casanare,2016,82810,188624,30.400000000000006,OLEAGINOSAS,PALMA DE ACEITE
casanare,2017,75665,169001,29.3,OLEAGINOSAS,PALMA DE ACEITE
casanare,2018,75665,206154,32.5,OLEAGINOSAS,PALMA DE ACEITE
cauca,2015,624,973,1.6,OLEAGINOSAS,PALMA DE ACEITE
cauca,2016,624,942,1.5,OLEAGINOSAS,PALMA DE ACEITE
cauca,2017,624,1223,2.0,OLEAGINOSAS,PALMA DE ACEITE
cauca,2018,624,1310,2.1,OLEAGINOSAS,PALMA DE ACEITE
cesar,2015,74444,206812,65.2,OLEAGINOSAS,PALMA DE ACEITE
cesar,2016,87590,203162,57.0,OLEAGINOSAS,PALMA DE ACEITE
cesar,2017,87590,223977,60.199999999999996,OLEAGINOSAS,PALMA DE ACEITE
cesar,2018,94594,249474,63.9,OLEAGINOSAS,PALMA DE ACEITE
choco,2015,381,719,2.2,OLEAGINOSAS,PALMA DE ACEITE
choco,2016,404,652,2.0,OLEAGINOSAS,PALMA DE ACEITE
choco,2017,400,268,0.8,OLEAGINOSAS,PALMA DE ACEITE
choco,2018,400,800,2.0,OLEAGINOSAS,PALMA DE ACEITE
cordoba,2015,3764,1883,14.700000000000001,OLEAGINOSAS,PALMA DE ACEITE
cordoba,2016,4036,5908,12.299999999999999,OLEAGINOSAS,PALMA DE ACEITE
cordoba,2017,4519,6919,12.399999999999999,OLEAGINOSAS,PALMA DE ACEITE
cordoba,2018,4669,7460,14.799999999999997,OLEAGINOSAS,PALMA DE ACEITE
cundinamarca,2015,5316,18143,3.5,OLEAGINOSAS,PALMA DE ACEITE
cundinamarca,2016,5398,16248,3.1,OLEAGINOSAS,PALMA DE ACEITE
cundinamarca,2017,5542,19228,10.3,OLEAGINOSAS,PALMA DE ACEITE
cundinamarca,2018,5542,19228,10.3,OLEAGINOSAS,PALMA DE ACEITE
guajira,2015,2412,6443,18.7,OLEAGINOSAS,PALMA DE ACEITE
guajira,2016,2051,4917,15.6,OLEAGINOSAS,PALMA DE ACEITE
guajira,2017,2186,7190,22.1,OLEAGINOSAS,PALMA DE ACEITE
guajira,2018,2368,7685,25.2,OLEAGINOSAS,PALMA DE ACEITE
magdalena,2015,45209,131788,39.4,OLEAGINOSAS,PALMA DE ACEITE
magdalena,2016,45115,123975,36.7,OLEAGINOSAS,PALMA DE ACEITE
magdalena,2017,46919,133328,41.9,OLEAGINOSAS,PALMA DE ACEITE
magdalena,2018,46919,137596,43.8,OLEAGINOSAS,PALMA DE ACEITE
meta,2015,221266,509048,65.6,OLEAGINOSAS,PALMA DE ACEITE
meta,2016,221090,478792,60.60000000000002,OLEAGINOSAS,PALMA DE ACEITE
meta,2017,231827,698217,76.89999999999999,OLEAGINOSAS,PALMA DE ACEITE
meta,2018,239343,723236,77.19999999999999,OLEAGINOSAS,PALMA DE ACEITE
narino,2015,17486,14968,2.0,OLEAGINOSAS,PALMA DE ACEITE
narino,2016,19111,24430,2.8,OLEAGINOSAS,PALMA DE ACEITE
narino,2017,20002,17158,2.5,OLEAGINOSAS,PALMA DE ACEITE
narino,2018,20002,17603,2.5,OLEAGINOSAS,PALMA DE ACEITE
norte de santander,2015,32042,82041,17.9,OLEAGINOSAS,PALMA DE ACEITE
norte de santander,2016,33244,78060,12.5,OLEAGINOSAS,PALMA DE ACEITE
norte de santander,2017,36383,109670,17.0,OLEAGINOSAS,PALMA DE ACEITE
norte de santander,2018,38963,110280,17.0,OLEAGINOSAS,PALMA DE ACEITE
santander,2015,82284,223322,29.2,OLEAGINOSAS,PALMA DE ACEITE
santander,2016,87955,193913,24.6,OLEAGINOSAS,PALMA DE ACEITE
santander,2017,93102,208695,19.200000000000003,OLEAGINOSAS,PALMA DE ACEITE
santander,2018,94588,232747,21.3,OLEAGINOSAS,PALMA DE ACEITE
sucre,2015,1432,1155,4.8,OLEAGINOSAS,PALMA DE ACEITE
sucre,2016,1792,1872,6.2,OLEAGINOSAS,PALMA DE ACEITE
sucre,2017,1892,4618,7.6,OLEAGINOSAS,PALMA DE ACEITE
sucre,2018,1992,4618,7.6,OLEAGINOSAS,PALMA DE ACEITE
tolima,2015,64,170,2.7,OLEAGINOSAS,PALMA DE ACEITE
tolima,2016,64,163,2.5,OLEAGINOSAS,PALMA DE ACEITE
tolima,2017,64,0,0.0,OLEAGINOSAS,PALMA DE ACEITE
tolima,2018,64,0,0.0,OLEAGINOSAS,PALMA DE ACEITE
vichada,2015,2000,3100,3.1,OLEAGINOSAS,PALMA DE ACEITE
vichada,2016,8009,3100,3.1,OLEAGINOSAS,PALMA DE ACEITE
vichada,2017,8409,2878,2.9,OLEAGINOSAS,PALMA DE ACEITE
vichada,2018,8409,28558,8.399999999999999,OLEAGINOSAS,PALMA DE ACEITE
antioquia,2015,1250,13836,166.5,TUBERCULOS Y PLATANOS,MALANGA
antioquia,2016,1411,13832,162.0,TUBERCULOS Y PLATANOS,MALANGA
antioquia,2017,1100,12831,168.0,TUBERCULOS Y PLATANOS,MALANGA
antioquia,2018,661,5990,80.0,TUBERCULOS Y PLATANOS,MALANGA
boyaca,2015,2030,31075,327.0,TUBERCULOS Y PLATANOS,MALANGA
boyaca,2016,5128,56297,362.3,TUBERCULOS Y PLATANOS,MALANGA
boyaca,2017,3629,71568,486.8,TUBERCULOS Y PLATANOS,MALANGA
boyaca,2018,2507,25617,267.0,TUBERCULOS Y PLATANOS,MALANGA
caldas,2015,29,291,29.5,TUBERCULOS Y PLATANOS,MALANGA
cauca,2015,865,15455,85.0,TUBERCULOS Y PLATANOS,MALANGA
cauca,2016,1481,16129,94.7,TUBERCULOS Y PLATANOS,MALANGA
cauca,2017,535,7650,45.0,TUBERCULOS Y PLATANOS,MALANGA
cauca,2018,242,1930,25.0,TUBERCULOS Y PLATANOS,MALANGA
choco,2017,50,640,16.0,TUBERCULOS Y PLATANOS,PAPA
choco,2018,70,1120,16.0,TUBERCULOS Y PLATANOS,PAPA
cundinamarca,2015,4149,56873,787.0,TUBERCULOS Y PLATANOS,PAPA
cundinamarca,2016,5499,73321,922.6,TUBERCULOS Y PLATANOS,PAPA
cundinamarca,2017,5992,101786,1073.5,TUBERCULOS Y PLATANOS,PAPA
cundinamarca,2018,3081,48567,523.0,TUBERCULOS Y PLATANOS,PAPA
meta,2015,1,8,8.0,TUBERCULOS Y PLATANOS,PAPA
narino,2015,2452,26264,348.7,TUBERCULOS Y PLATANOS,PAPA
narino,2016,2798,26804,361.79999999999995,TUBERCULOS Y PLATANOS,PAPA
narino,2017,3014,28818,420.8,TUBERCULOS Y PLATANOS,PAPA
narino,2018,1849,18198,277.0,TUBERCULOS Y PLATANOS,PAPA
norte de santander,2015,705,14271,242.0,TUBERCULOS Y PLATANOS,PAPA
norte de santander,2016,868,15053,253.0,TUBERCULOS Y PLATANOS,PAPA
norte de santander,2017,878,16798,258.0,TUBERCULOS Y PLATANOS,PAPA
norte de santander,2018,476,7383,122.0,TUBERCULOS Y PLATANOS,PAPA
santander,2015,122,1193,101.0,TUBERCULOS Y PLATANOS,PAPA
santander,2016,307,2723,153.2,TUBERCULOS Y PLATANOS,PAPA
santander,2017,236,3336,143.0,TUBERCULOS Y PLATANOS,PAPA
santander,2018,101,1671,63.0,TUBERCULOS Y PLATANOS,PAPA
tolima,2015,50,525,27.2,TUBERCULOS Y PLATANOS,PAPA
tolima,2016,594,1368,17.0,TUBERCULOS Y PLATANOS,PAPA
tolima,2017,674,5080,26.0,TUBERCULOS Y PLATANOS,PAPA
tolima,2018,320,1560,12.0,TUBERCULOS Y PLATANOS,PAPA
valle del cauca,2015,320,2240,7.0,TUBERCULOS Y PLATANOS,PAPA
valle del cauca,2016,335,2380,15.0,TUBERCULOS Y PLATANOS,PAPA
valle del cauca,2017,300,1250,5.0,TUBERCULOS Y PLATANOS,PAPA
valle del cauca,2018,320,1600,5.0,TUBERCULOS Y PLATANOS,PAPA
antioquia,2015,339,9820,61.0,FRUTALES,PAPAYA
antioquia,2016,264,11154,101.0,FRUTALES,PAPAYA
antioquia,2017,271,11274,101.0,FRUTALES,PAPAYA
antioquia,2018,286,11474,101.0,FRUTALES,PAPAYA
arauca,2015,308,6130,90.0,FRUTALES,PAPAYA
arauca,2016,295,5990,70.0,FRUTALES,PAPAYA
arauca,2017,285,5797,87.0,FRUTALES,PAPAYA
arauca,2018,330,6351,87.0,FRUTALES,PAPAYA
atlantico,2015,58,1208,115.0,FRUTALES,PAPAYA
atlantico,2016,68,1354,182.0,FRUTALES,PAPAYA
atlantico,2017,42,1409,285.0,FRUTALES,PAPAYA
atlantico,2018,87,2395,309.0,FRUTALES,PAPAYA
bolivar,2015,30,1000,40.0,FRUTALES,PAPAYA
boyaca,2015,41,736,44.5,FRUTALES,PAPAYA
boyaca,2016,78,632,38.0,FRUTALES,PAPAYA
boyaca,2017,30,520,88.0,FRUTALES,PAPAYA
boyaca,2018,40,458,54.0,FRUTALES,PAPAYA
caldas,2015,56,840,67.0,FRUTALES,PAPAYA
caldas,2016,27,580,100.0,FRUTALES,PAPAYA
caldas,2017,24,208,48.0,FRUTALES,PAPAYA
caldas,2018,22,356,48.0,FRUTALES,PAPAYA
caqueta,2015,25,125,5.0,FRUTALES,PAPAYA
casanare,2015,284,5502,164.2,FRUTALES,PAPAYA
casanare,2016,277,6372,199.0,FRUTALES,PAPAYA
casanare,2017,283,9347,338.0,FRUTALES,PAPAYA
casanare,2018,331,9548,348.0,FRUTALES,PAPAYA
cauca,2015,26,304,87.3,FRUTALES,PAPAYA
cauca,2016,30,228,47.5,FRUTALES,PAPAYA
cauca,2017,34,240,56.0,FRUTALES,PAPAYA
cauca,2018,39,404,57.0,FRUTALES,PAPAYA
cesar,2015,386,6992,38.0,FRUTALES,PAPAYA
cesar,2016,663,2270,54.7,FRUTALES,PAPAYA
cesar,2017,345,2500,71.0,FRUTALES,PAPAYA
cesar,2018,346,2931,78.1,FRUTALES,PAPAYA
cordoba,2015,1347,39037,101.3,FRUTALES,PAPAYA
cordoba,2016,992,67175,184.3,FRUTALES,PAPAYA
cordoba,2017,993,52500,155.0,FRUTALES,PAPAYA
cordoba,2018,1052,52930,155.3,FRUTALES,PAPAYA
cundinamarca,2015,132,3932,56.0,FRUTALES,PAPAYA
cundinamarca,2016,205,2796,56.0,FRUTALES,PAPAYA
cundinamarca,2017,287,2409,81.0,FRUTALES,PAPAYA
cundinamarca,2018,337,3055,79.0,FRUTALES,PAPAYA
guajira,2015,34,1700,50.0,FRUTALES,PAPAYA
guajira,2017,6,18,6.0,FRUTALES,PAPAYA
guajira,2018,57,570,24.0,FRUTALES,PAPAYA
huila,2015,325,3495,379.0,FRUTALES,PAPAYA
huila,2016,330,3951,384.5,FRUTALES,PAPAYA
huila,2017,363,3546,375.0,FRUTALES,PAPAYA
huila,2018,416,4997,396.5,FRUTALES,PAPAYA
magdalena,2015,803,9176,86.0,FRUTALES,PAPAYA
magdalena,2016,797,9134,74.0,FRUTALES,PAPAYA
magdalena,2017,935,11697,89.0,FRUTALES,PAPAYA
magdalena,2018,935,11697,89.0,FRUTALES,PAPAYA
meta,2015,662,19027,662.0,FRUTALES,PAPAYA
meta,2016,1199,19478,510.0,FRUTALES,PAPAYA
meta,2017,1452,30937,465.5,FRUTALES,PAPAYA
meta,2018,1560,35822,514.7,FRUTALES,PAPAYA
narino,2015,77,708,72.0,FRUTALES,PAPAYA
narino,2016,209,886,57.5,FRUTALES,PAPAYA
narino,2017,244,1155,67.5,FRUTALES,PAPAYA
narino,2018,309,1201,60.5,FRUTALES,PAPAYA
norte de santander,2015,123,1527,98.0,FRUTALES,PAPAYA
norte de santander,2016,142,1907,98.0,FRUTALES,PAPAYA
norte de santander,2017,147,2014,84.0,FRUTALES,PAPAYA
norte de santander,2018,148,2014,84.0,FRUTALES,PAPAYA
putumayo,2015,9,10,10.0,FRUTALES,PAPAYA
quindio,2015,90,1601,70.5,FRUTALES,PAPAYA
quindio,2016,126,1756,80.0,FRUTALES,PAPAYA
quindio,2017,212,2186,89.3,FRUTALES,PAPAYA
quindio,2018,262,4946,106.0,FRUTALES,PAPAYA
risaralda,2015,37,277,13.2,FRUTALES,PAPAYA
risaralda,2016,54,488,13.2,FRUTALES,PAPAYA
risaralda,2017,44,559,25.2,FRUTALES,PAPAYA
risaralda,2018,44,559,25.2,FRUTALES,PAPAYA
san andres,2015,1,4,6.0,FRUTALES,PAPAYA
san andres,2018,2,24,41.0,FRUTALES,PAPAYA
santander,2015,137,1926,111.4,FRUTALES,PAPAYA
santander,2016,267,5840,201.5,FRUTALES,PAPAYA
santander,2017,340,13251,289.7,FRUTALES,PAPAYA
santander,2018,382,12988,285.5,FRUTALES,PAPAYA
sucre,2015,11,108,20.0,FRUTALES,PAPAYA
sucre,2016,27,473,49.0,FRUTALES,PAPAYA
sucre,2017,25,521,53.0,FRUTALES,PAPAYA
sucre,2018,28,543,52.0,FRUTALES,PAPAYA
tolima,2015,98,1560,83.0,FRUTALES,PAPAYA
tolima,2016,93,1318,62.0,FRUTALES,PAPAYA
tolima,2017,59,440,25.0,FRUTALES,PAPAYA
tolima,2018,62,466,31.5,FRUTALES,PAPAYA
valle del cauca,2015,884,45660,853.0,FRUTALES,PAPAYA
valle del cauca,2016,968,28597,633.0,FRUTALES,PAPAYA
valle del cauca,2017,937,18067,657.0,FRUTALES,PAPAYA
valle del cauca,2018,1104,19130,661.8,FRUTALES,PAPAYA
amazonas,2015,35,35,2.0,FRUTALES,PIÑA
antioquia,2015,527,15569,363.5,FRUTALES,PIÑA
antioquia,2016,814,32137,671.6,FRUTALES,PIÑA
antioquia,2017,1199,39115,502.0,FRUTALES,PIÑA
antioquia,2018,1213,72849,401.5,FRUTALES,PIÑA
arauca,2015,228,2970,60.0,FRUTALES,PIÑA
arauca,2016,252,3755,74.0,FRUTALES,PIÑA
arauca,2017,249,3510,98.0,FRUTALES,PIÑA
arauca,2018,282,2975,100.0,FRUTALES,PIÑA
atlantico,2015,20,640,32.0,FRUTALES,PIÑA
bolivar,2015,226,4420,150.0,FRUTALES,PIÑA
bolivar,2016,343,4133,171.2,FRUTALES,PIÑA
bolivar,2017,295,3586,112.0,FRUTALES,PIÑA
bolivar,2018,575,3906,162.0,FRUTALES,PIÑA
boyaca,2015,86,738,16.0,FRUTALES,PIÑA
boyaca,2016,63,580,10.0,FRUTALES,PIÑA
boyaca,2017,36,1720,112.0,FRUTALES,PIÑA
boyaca,2018,42,1733,113.0,FRUTALES,PIÑA
caldas,2015,11,101,38.0,FRUTALES,PIÑA
caldas,2016,21,145,57.0,FRUTALES,PIÑA
caldas,2017,15,196,77.0,FRUTALES,PIÑA
caldas,2018,16,258,78.1,FRUTALES,PIÑA
caqueta,2015,687,4588,90.8,FRUTALES,PIÑA
caqueta,2016,785,4873,101.1,FRUTALES,PIÑA
caqueta,2017,812,4771,86.0,FRUTALES,PIÑA
caqueta,2018,888,4793,69.0,FRUTALES,PIÑA
casanare,2015,499,11797,374.0,FRUTALES,PIÑA
casanare,2016,816,25832,473.3,FRUTALES,PIÑA
casanare,2017,629,28078,533.3,FRUTALES,PIÑA
casanare,2018,752,31978,568.3,FRUTALES,PIÑA
cauca,2015,1134,74058,289.4,FRUTALES,PIÑA
cauca,2016,1168,61528,224.3,FRUTALES,PIÑA
cauca,2017,1377,72186,217.7,FRUTALES,PIÑA
cauca,2018,1435,72988,258.7,FRUTALES,PIÑA
cesar,2015,260,5200,20.0,FRUTALES,PIÑA
cesar,2016,260,5200,20.0,FRUTALES,PIÑA
cesar,2017,338,1352,67.6,FRUTALES,PIÑA
cesar,2018,351,1457,70.2,FRUTALES,PIÑA
choco,2015,499,8064,356.0,FRUTALES,PIÑA
choco,2016,517,7107,319.1,FRUTALES,PIÑA
choco,2017,670,5182,279.5,FRUTALES,PIÑA
choco,2018,838,6901,291.0,FRUTALES,PIÑA
cordoba,2015,99,2316,272.3,FRUTALES,PIÑA
cordoba,2016,146,2035,282.4,FRUTALES,PIÑA
cordoba,2017,242,8808,423.1,FRUTALES,PIÑA
cordoba,2018,326,9538,443.5,FRUTALES,PIÑA
cundinamarca,2015,1207,33052,104.0,FRUTALES,PIÑA
cundinamarca,2016,268,4176,109.7,FRUTALES,PIÑA
cundinamarca,2017,241,4956,107.5,FRUTALES,PIÑA
cundinamarca,2018,270,7733,102.5,FRUTALES,PIÑA
guainia,2015,89,136,19.5,FRUTALES,PIÑA
guainia,2016,57,913,65.0,FRUTALES,PIÑA
guainia,2017,293,4769,68.0,FRUTALES,PIÑA
guainia,2018,288,3035,68.0,FRUTALES,PIÑA
guaviare,2015,242,3400,100.0,FRUTALES,PIÑA
guaviare,2016,317,5425,140.0,FRUTALES,PIÑA
guaviare,2017,427,7245,140.0,FRUTALES,PIÑA
guaviare,2018,577,12740,140.0,FRUTALES,PIÑA
huila,2015,652,7380,422.0,FRUTALES,PIÑA
huila,2016,648,9243,422.0,FRUTALES,PIÑA
huila,2017,667,8865,439.0,FRUTALES,PIÑA
huila,2018,629,9127,456.2,FRUTALES,PIÑA
meta,2015,2684,120390,766.0,FRUTALES,PIÑA
meta,2016,3832,90199,754.5,FRUTALES,PIÑA
meta,2017,5455,112396,672.0,FRUTALES,PIÑA
meta,2018,6053,126800,704.0,FRUTALES,PIÑA
narino,2015,300,4903,69.0,FRUTALES,PIÑA
narino,2016,370,720,39.0,FRUTALES,PIÑA
narino,2017,409,1524,27.0,FRUTALES,PIÑA
narino,2018,466,1542,27.0,FRUTALES,PIÑA
norte de santander,2015,335,10890,130.0,FRUTALES,PIÑA
norte de santander,2016,308,11295,200.0,FRUTALES,PIÑA
norte de santander,2017,266,9510,213.0,FRUTALES,PIÑA
norte de santander,2018,287,9555,243.0,FRUTALES,PIÑA
putumayo,2015,270,4676,211.1,FRUTALES,PIÑA
putumayo,2016,260,2234,68.5,FRUTALES,PIÑA
putumayo,2017,363,2966,76.5,FRUTALES,PIÑA
putumayo,2018,422,3930,76.5,FRUTALES,PIÑA
quindio,2015,1267,34586,265.0,FRUTALES,PIÑA
quindio,2016,1328,51237,219.0,FRUTALES,PIÑA
quindio,2017,1445,54773,207.0,FRUTALES,PIÑA
quindio,2018,1315,53070,223.0,FRUTALES,PIÑA
risaralda,2015,286,15000,75.0,FRUTALES,PIÑA
risaralda,2016,210,4982,32.0,FRUTALES,PIÑA
risaralda,2017,195,6253,32.0,FRUTALES,PIÑA
risaralda,2018,202,6253,32.0,FRUTALES,PIÑA
san andres,2018,1,0,2.0,FRUTALES,PIÑA
santander,2015,11517,269465,308.0,FRUTALES,PIÑA
santander,2016,11444,277217,480.0,FRUTALES,PIÑA
santander,2017,11365,406039,476.6,FRUTALES,PIÑA
santander,2018,12000,455701,534.6,FRUTALES,PIÑA
sucre,2015,19,610,111.5,FRUTALES,PIÑA
sucre,2016,27,565,111.5,FRUTALES,PIÑA
sucre,2017,44,1094,139.5,FRUTALES,PIÑA
sucre,2018,49,1599,139.5,FRUTALES,PIÑA
tolima,2015,118,4928,56.0,FRUTALES,PIÑA
tolima,2016,145,9567,84.0,FRUTALES,PIÑA
tolima,2017,154,12162,85.0,FRUTALES,PIÑA
tolima,2018,159,11609,83.0,FRUTALES,PIÑA
valle del cauca,2015,2385,136579,941.0,FRUTALES,PIÑA
valle del cauca,2016,2743,139688,1124.0,FRUTALES,PIÑA
valle del cauca,2017,3081,142373,1314.0,FRUTALES,PIÑA
valle del cauca,2018,3170,145162,1342.0,FRUTALES,PIÑA
vaupes,2015,18,50,7.2,FRUTALES,PIÑA
vaupes,2016,49,188,24.5,FRUTALES,PIÑA
vaupes,2017,61,426,27.3,FRUTALES,PIÑA
vaupes,2018,67,526,28.3,FRUTALES,PIÑA
vichada,2015,63,355,15.7,FRUTALES,PIÑA
vichada,2016,60,500,10.0,FRUTALES,PIÑA
vichada,2017,62,355,12.0,FRUTALES,PIÑA
vichada,2018,63,355,12.0,FRUTALES,PIÑA
antioquia,2015,14804,114696,68.8,TUBERCULOS Y PLATANOS,PLATANO
antioquia,2016,15544,107226,61.300000000000004,TUBERCULOS Y PLATANOS,PLATANO
antioquia,2017,15501,113803,72.89999999999999,TUBERCULOS Y PLATANOS,PLATANO
antioquia,2018,15522,115357,75.0,TUBERCULOS Y PLATANOS,PLATANO
total 22 departamentos,2014,251789,983139,5.3,TUBERCULOS Y PLATANOS,PLATANO
antioquia,2014,50205,208528,5.1,TUBERCULOS Y PLATANOS,PLATANO
atlantico,2014,265,411,2.2,TUBERCULOS Y PLATANOS,PLATANO
bolivar,2014,7774,33438,7.3,TUBERCULOS Y PLATANOS,PLATANO
boyaca,2014,1961,10168,6.9,TUBERCULOS Y PLATANOS,PLATANO
caldas,2014,12005,64911,8.8,TUBERCULOS Y PLATANOS,PLATANO
cauca,2014,8234,14277,2.0,TUBERCULOS Y PLATANOS,PLATANO
cesar,2014,1944,11789,9.9,TUBERCULOS Y PLATANOS,PLATANO
cordoba,2014,8844,35047,6.7,TUBERCULOS Y PLATANOS,PLATANO
cundinamarca,2014,5002,23372,5.0,TUBERCULOS Y PLATANOS,PLATANO
huila,2014,20900,57014,4.5,TUBERCULOS Y PLATANOS,PLATANO
guajira,2014,1998,5888,4.0,TUBERCULOS Y PLATANOS,PLATANO
magdalena,2014,1297,5189,4.7,TUBERCULOS Y PLATANOS,PLATANO
meta,2014,12013,52616,20.0,TUBERCULOS Y PLATANOS,PLATANO
narino,2014,5363,48199,10.7,TUBERCULOS Y PLATANOS,PLATANO
norte de santander,2014,6928,33494,6.1,TUBERCULOS Y PLATANOS,PLATANO
quindio,2014,20340,110859,6.6,TUBERCULOS Y PLATANOS,PLATANO
risaralda,2014,23782,106103,4.7,TUBERCULOS Y PLATANOS,PLATANO
santander,2014,19085,48714,4.5,TUBERCULOS Y PLATANOS,PLATANO
sucre,2014,1774,6493,4.5,TUBERCULOS Y PLATANOS,PLATANO
tolima,2014,20941,44740,2.8,TUBERCULOS Y PLATANOS,PLATANO
valle del cauca,2014,18877,55969,3.6,TUBERCULOS Y PLATANOS,PLATANO
casanare,2014,2256,5921,9.2,TUBERCULOS Y PLATANOS,PLATANO
casanare,2015,200,0,0.0,LEGUMINOSAS,SOYA
casanare,2016,120,400,2.0,LEGUMINOSAS,SOYA
casanare,2017,120,240,2.0,LEGUMINOSAS,SOYA
cauca,2015,4,8,4.0,LEGUMINOSAS,SOYA
meta,2015,18810,58213,19.8,LEGUMINOSAS,SOYA
meta,2016,28237,54896,25.5,LEGUMINOSAS,SOYA
meta,2017,65086,145578,21.6,LEGUMINOSAS,SOYA
meta,2018,37340,84497,11.6,LEGUMINOSAS,SOYA
quindio,2015,2,2,2.2,LEGUMINOSAS,SOYA
risaralda,2016,90,111,2.5,LEGUMINOSAS,SOYA
risaralda,2017,20,131,4.7,LEGUMINOSAS,SOYA
risaralda,2018,20,20,2.2,LEGUMINOSAS,SOYA
tolima,2016,45,68,1.5,LEGUMINOSAS,SOYA
valle del cauca,2015,4457,11443,38.2,LEGUMINOSAS,SOYA
valle del cauca,2016,2696,7504,40.3,LEGUMINOSAS,SOYA
valle del cauca,2017,736,4501,44.300000000000004,LEGUMINOSAS,SOYA
valle del cauca,2018,474,873,20.7,LEGUMINOSAS,SOYA
vichada,2015,17600,32884,8.899999999999999,LEGUMINOSAS,SOYA
vichada,2016,12100,42990,7.8,LEGUMINOSAS,SOYA
amazonas,2015,12,2,1.0,HORTALIZAS,TOMATE
amazonas,2016,2,7,2.5,HORTALIZAS,TOMATE
antioquia,2015,1780,125054,6743.299999999999,HORTALIZAS,TOMATE
antioquia,2016,2128,156424,8243.9,HORTALIZAS,TOMATE
antioquia,2017,2199,190523,9212.0,HORTALIZAS,TOMATE
antioquia,2018,1298,92967,4828.5,HORTALIZAS,TOMATE
atlantico,2015,34,1437,45.0,HORTALIZAS,TOMATE
atlantico,2016,55,115,35.0,HORTALIZAS,TOMATE
atlantico,2017,48,1000,113.0,HORTALIZAS,TOMATE
atlantico,2018,6,796,57.0,HORTALIZAS,TOMATE
bolivar,2015,3,2,2.0,HORTALIZAS,TOMATE
bolivar,2016,2,2,2.0,HORTALIZAS,TOMATE
boyaca,2015,1292,77500,4250.5,HORTALIZAS,TOMATE
boyaca,2016,1323,72851,4234.800000000001,HORTALIZAS,TOMATE
boyaca,2017,1245,66686,4402.900000000001,HORTALIZAS,TOMATE
boyaca,2018,746,33776,2299.0,HORTALIZAS,TOMATE
caldas,2015,865,27292,1849.4,HORTALIZAS,TOMATE
caldas,2016,726,22150,1521.5,HORTALIZAS,TOMATE
caldas,2017,703,18402,1373.5,HORTALIZAS,TOMATE
caldas,2018,419,9729,709.6,HORTALIZAS,TOMATE
caqueta,2015,2,103,22.5,HORTALIZAS,TOMATE
caqueta,2016,9,800,100.0,HORTALIZAS,TOMATE
caqueta,2017,13,821,130.0,HORTALIZAS,TOMATE
caqueta,2018,12,24,30.0,HORTALIZAS,TOMATE
casanare,2015,10,403,209.0,HORTALIZAS,TOMATE
casanare,2016,3,154,115.8,HORTALIZAS,TOMATE
casanare,2017,6,56,45.0,HORTALIZAS,TOMATE
casanare,2018,6,36,40.0,HORTALIZAS,TOMATE
cauca,2015,466,9427,1082.4,HORTALIZAS,TOMATE
cauca,2016,430,8414,1686.9,HORTALIZAS,TOMATE
cauca,2017,703,26968,2119.8999999999996,HORTALIZAS,TOMATE
cauca,2018,301,24056,775.7,HORTALIZAS,TOMATE
cesar,2015,585,4874,169.0,HORTALIZAS,TOMATE
cesar,2016,478,4664,173.0,HORTALIZAS,TOMATE
cesar,2017,692,6709,205.0,HORTALIZAS,TOMATE
cesar,2018,428,3742,108.0,HORTALIZAS,TOMATE
choco,2015,11,194,40.0,HORTALIZAS,TOMATE
choco,2016,6,200,40.0,HORTALIZAS,TOMATE
choco,2017,6,84,28.0,HORTALIZAS,TOMATE
choco,2018,3,42,14.0,HORTALIZAS,TOMATE
cordoba,2015,5,61,41.0,HORTALIZAS,TOMATE
cordoba,2016,5,50,40.0,HORTALIZAS,TOMATE
cordoba,2017,2,30,30.0,HORTALIZAS,TOMATE
cordoba,2018,1,12,12.0,HORTALIZAS,TOMATE
cundinamarca,2015,1814,68267,2778.3,HORTALIZAS,TOMATE
cundinamarca,2016,1730,70632,2828.7,HORTALIZAS,TOMATE
cundinamarca,2017,1707,75313,3227.6000000000004,HORTALIZAS,TOMATE
cundinamarca,2018,965,38163,1450.1000000000001,HORTALIZAS,TOMATE
guajira,2015,234,2456,271.6,HORTALIZAS,TOMATE
guajira,2016,374,2634,273.6,HORTALIZAS,TOMATE
guajira,2017,302,3452,265.0,HORTALIZAS,TOMATE
guajira,2018,153,1674,111.0,HORTALIZAS,TOMATE
huila,2015,1373,22918,1145.5,HORTALIZAS,TOMATE
huila,2016,1154,16416,1031.0,HORTALIZAS,TOMATE
huila,2017,1276,19154,1084.5,HORTALIZAS,TOMATE
huila,2018,672,9333,517.5,HORTALIZAS,TOMATE
magdalena,2015,385,4559,165.2,HORTALIZAS,TOMATE
magdalena,2016,432,3525,171.5,HORTALIZAS,TOMATE
magdalena,2017,609,3753,195.5,HORTALIZAS,TOMATE
magdalena,2018,379,2233,90.0,HORTALIZAS,TOMATE
meta,2015,7,88,24.0,HORTALIZAS,TOMATE
meta,2016,89,1111,97.0,HORTALIZAS,TOMATE
meta,2017,70,1649,123.0,HORTALIZAS,TOMATE
meta,2018,41,678,44.5,HORTALIZAS,TOMATE
narino,2015,661,45302,3559.0,HORTALIZAS,TOMATE
narino,2016,719,41642,3907.5,HORTALIZAS,TOMATE
narino,2017,670,47436,4312.7,HORTALIZAS,TOMATE
narino,2018,566,23417,2134.4,HORTALIZAS,TOMATE
norte de santander,2015,2268,100714,1994.0,HORTALIZAS,TOMATE
norte de santander,2016,2387,86017,2151.5,HORTALIZAS,TOMATE
norte de santander,2017,1835,68312,2151.5,HORTALIZAS,TOMATE
norte de santander,2018,1366,38439,898.7,HORTALIZAS,TOMATE
quindio,2015,312,17100,831.1,HORTALIZAS,TOMATE
quindio,2016,455,25543,1118.1,HORTALIZAS,TOMATE
quindio,2017,318,29209,935.3,HORTALIZAS,TOMATE
quindio,2018,148,12344,470.8,HORTALIZAS,TOMATE
risaralda,2015,162,5182,511.6,HORTALIZAS,TOMATE
risaralda,2016,141,5308,458.8,HORTALIZAS,TOMATE
risaralda,2017,188,8308,735.0,HORTALIZAS,TOMATE
risaralda,2018,73,5133,363.0,HORTALIZAS,TOMATE
santander,2015,2254,55835,2692.6,HORTALIZAS,TOMATE
santander,2016,1964,65950,3381.0000000000005,HORTALIZAS,TOMATE
santander,2017,2076,59264,3776.0,HORTALIZAS,TOMATE
santander,2018,1136,27542,1912.9,HORTALIZAS,TOMATE
tolima,2015,635,9320,332.1,HORTALIZAS,TOMATE
tolima,2016,540,8963,298.79999999999995,HORTALIZAS,TOMATE
tolima,2017,968,13283,316.20000000000005,HORTALIZAS,TOMATE
tolima,2018,502,8744,114.8,HORTALIZAS,TOMATE
valle del cauca,2015,1402,30247,1903.8,HORTALIZAS,TOMATE
valle del cauca,2016,1720,37344,2069.4,HORTALIZAS,TOMATE
valle del cauca,2017,1516,39133,2284.9000000000005,HORTALIZAS,TOMATE
valle del cauca,2018,743,17540,1117.6,HORTALIZAS,TOMATE
vaupes,2016,1,5,5.0,HORTALIZAS,TOMATE
vichada,2015,340,2020,8.0,HORTALIZAS,TOMATE
vichada,2016,340,1360,4.0,HORTALIZAS,TOMATE
antioquia,2015,3635,104787,715.0,FRUTALES,TOMATE DE ARBOL
antioquia,2016,3429,112137,770.0,FRUTALES,TOMATE DE ARBOL
antioquia,2017,3163,114403,730.0,FRUTALES,TOMATE DE ARBOL
antioquia,2018,3466,89082,662.5,FRUTALES,TOMATE DE ARBOL
boyaca,2015,884,9663,398.59999999999997,FRUTALES,TOMATE DE ARBOL
boyaca,2016,985,10309,399.40000000000003,FRUTALES,TOMATE DE ARBOL
boyaca,2017,1035,10145,424.3,FRUTALES,TOMATE DE ARBOL
boyaca,2018,1164,13481,492.8,FRUTALES,TOMATE DE ARBOL
caldas,2015,172,1294,54.4,FRUTALES,TOMATE DE ARBOL
caldas,2016,83,575,20.4,FRUTALES,TOMATE DE ARBOL
caldas,2017,68,765,22.0,FRUTALES,TOMATE DE ARBOL
caldas,2018,73,780,22.0,FRUTALES,TOMATE DE ARBOL
caqueta,2015,6,60,10.0,FRUTALES,TOMATE DE ARBOL
caqueta,2016,26,216,18.0,FRUTALES,TOMATE DE ARBOL
caqueta,2017,39,414,15.0,FRUTALES,TOMATE DE ARBOL
caqueta,2018,39,414,15.0,FRUTALES,TOMATE DE ARBOL
casanare,2015,13,80,10.0,FRUTALES,TOMATE DE ARBOL
cauca,2015,154,846,55.3,FRUTALES,TOMATE DE ARBOL
cauca,2016,117,577,50.0,FRUTALES,TOMATE DE ARBOL
cauca,2017,213,1694,65.0,FRUTALES,TOMATE DE ARBOL
cauca,2018,280,1497,59.0,FRUTALES,TOMATE DE ARBOL
cesar,2015,166,1320,28.0,FRUTALES,TOMATE DE ARBOL
cesar,2016,417,2604,47.0,FRUTALES,TOMATE DE ARBOL
cesar,2017,393,2949,51.0,FRUTALES,TOMATE DE ARBOL
cesar,2018,647,3032,50.5,FRUTALES,TOMATE DE ARBOL
choco,2015,4,10,2.5,FRUTALES,TOMATE DE ARBOL
choco,2016,4,10,2.5,FRUTALES,TOMATE DE ARBOL
cundinamarca,2015,3627,45290,327.0,FRUTALES,TOMATE DE ARBOL
cundinamarca,2016,3043,31821,335.7,FRUTALES,TOMATE DE ARBOL
cundinamarca,2017,3259,39727,348.5,FRUTALES,TOMATE DE ARBOL
cundinamarca,2018,3451,39855,335.0,FRUTALES,TOMATE DE ARBOL
guajira,2015,6,28,7.0,FRUTALES,TOMATE DE ARBOL
guajira,2016,107,558,13.0,FRUTALES,TOMATE DE ARBOL
guajira,2017,132,642,17.0,FRUTALES,TOMATE DE ARBOL
guajira,2018,133,765,16.0,FRUTALES,TOMATE DE ARBOL
huila,2015,779,4075,177.2,FRUTALES,TOMATE DE ARBOL
huila,2016,705,3236,172.0,FRUTALES,TOMATE DE ARBOL
huila,2017,668,3378,181.0,FRUTALES,TOMATE DE ARBOL
huila,2018,712,3972,196.20000000000002,FRUTALES,TOMATE DE ARBOL
magdalena,2015,324,1921,26.0,FRUTALES,TOMATE DE ARBOL
magdalena,2016,295,1395,25.8,FRUTALES,TOMATE DE ARBOL
magdalena,2017,285,1440,19.0,FRUTALES,TOMATE DE ARBOL
magdalena,2018,285,1440,19.0,FRUTALES,TOMATE DE ARBOL
meta,2015,29,396,22.0,FRUTALES,TOMATE DE ARBOL
meta,2016,5,50,10.0,FRUTALES,TOMATE DE ARBOL
meta,2017,4,40,10.0,FRUTALES,TOMATE DE ARBOL
meta,2018,4,40,10.0,FRUTALES,TOMATE DE ARBOL
narino,2015,310,1802,141.9,FRUTALES,TOMATE DE ARBOL
narino,2016,471,2978,160.10000000000002,FRUTALES,TOMATE DE ARBOL
narino,2017,414,2131,139.6,FRUTALES,TOMATE DE ARBOL
narino,2018,436,2310,132.1,FRUTALES,TOMATE DE ARBOL
norte de santander,2015,234,2410,127.5,FRUTALES,TOMATE DE ARBOL
norte de santander,2016,207,2126,117.0,FRUTALES,TOMATE DE ARBOL
norte de santander,2017,219,2272,131.0,FRUTALES,TOMATE DE ARBOL
norte de santander,2018,240,2370,131.0,FRUTALES,TOMATE DE ARBOL
putumayo,2015,189,2200,55.0,FRUTALES,TOMATE DE ARBOL
putumayo,2016,222,1674,27.4,FRUTALES,TOMATE DE ARBOL
putumayo,2017,196,1490,27.4,FRUTALES,TOMATE DE ARBOL
putumayo,2018,204,1539,27.5,FRUTALES,TOMATE DE ARBOL
quindio,2015,33,216,13.5,FRUTALES,TOMATE DE ARBOL
quindio,2016,30,29,13.2,FRUTALES,TOMATE DE ARBOL
quindio,2017,33,189,7.0,FRUTALES,TOMATE DE ARBOL
quindio,2018,38,224,7.0,FRUTALES,TOMATE DE ARBOL
risaralda,2015,47,467,42.0,FRUTALES,TOMATE DE ARBOL
risaralda,2016,14,116,53.0,FRUTALES,TOMATE DE ARBOL
risaralda,2017,36,67,52.0,FRUTALES,TOMATE DE ARBOL
risaralda,2018,41,353,52.0,FRUTALES,TOMATE DE ARBOL
santander,2015,195,1174,161.5,FRUTALES,TOMATE DE ARBOL
santander,2016,178,1122,150.8,FRUTALES,TOMATE DE ARBOL
santander,2017,183,1555,161.5,FRUTALES,TOMATE DE ARBOL
santander,2018,203,1648,167.5,FRUTALES,TOMATE DE ARBOL
tolima,2015,870,11095,81.5,FRUTALES,TOMATE DE ARBOL
tolima,2016,1018,13019,81.5,FRUTALES,TOMATE DE ARBOL
tolima,2017,850,9081,89.8,FRUTALES,TOMATE DE ARBOL
tolima,2018,965,9803,87.8,FRUTALES,TOMATE DE ARBOL
valle del cauca,2015,162,933,103.5,FRUTALES,TOMATE DE ARBOL
valle del cauca,2016,188,1496,156.7,FRUTALES,TOMATE DE ARBOL
valle del cauca,2017,216,1806,166.5,FRUTALES,TOMATE DE ARBOL
valle del cauca,2018,210,1633,169.5,FRUTALES,TOMATE DE ARBOL
amazonas,2015,402,750,4.0,TUBERCULOS Y PLATANOS,YUCA
amazonas,2016,1257,7315,13.5,TUBERCULOS Y PLATANOS,YUCA
amazonas,2017,1678,10567,13.3,TUBERCULOS Y PLATANOS,YUCA
amazonas,2018,2300,15500,13.5,TUBERCULOS Y PLATANOS,YUCA
antioquia,2015,8981,112972,776.0,TUBERCULOS Y PLATANOS,YUCA
antioquia,2016,8909,123461,919.5,TUBERCULOS Y PLATANOS,YUCA
antioquia,2017,9678,143416,941.3000000000001,TUBERCULOS Y PLATANOS,YUCA
antioquia,2018,10402,170543,946.4,TUBERCULOS Y PLATANOS,YUCA
arauca,2015,7910,148942,127.0,TUBERCULOS Y PLATANOS,YUCA
arauca,2016,7636,138385,120.5,TUBERCULOS Y PLATANOS,YUCA
arauca,2017,7966,141524,128.0,TUBERCULOS Y PLATANOS,YUCA
arauca,2018,7081,140380,128.0,TUBERCULOS Y PLATANOS,YUCA
atlantico,2015,4857,29770,156.7,TUBERCULOS Y PLATANOS,YUCA
atlantico,2016,5165,47559,174.60000000000002,TUBERCULOS Y PLATANOS,YUCA
atlantico,2017,5145,53236,196.8,TUBERCULOS Y PLATANOS,YUCA
atlantico,2018,7040,80614,200.8,TUBERCULOS Y PLATANOS,YUCA
bolivar,2015,40450,250669,348.0,TUBERCULOS Y PLATANOS,YUCA
bolivar,2016,44295,358856,407.9,TUBERCULOS Y PLATANOS,YUCA
bolivar,2017,38449,343624,429.70000000000005,TUBERCULOS Y PLATANOS,YUCA
bolivar,2018,44056,434923,431.3,TUBERCULOS Y PLATANOS,YUCA
boyaca,2015,2903,25663,350.79999999999995,TUBERCULOS Y PLATANOS,YUCA
boyaca,2016,2816,26834,435.9,TUBERCULOS Y PLATANOS,YUCA
boyaca,2017,2622,23925,464.5,TUBERCULOS Y PLATANOS,YUCA
boyaca,2018,2711,29159,464.5,TUBERCULOS Y PLATANOS,YUCA
caldas,2015,484,5710,214.5,TUBERCULOS Y PLATANOS,YUCA
caldas,2016,333,3721,194.3,TUBERCULOS Y PLATANOS,YUCA
caldas,2017,354,4243,256.8,TUBERCULOS Y PLATANOS,YUCA
caldas,2018,356,4720,257.5,TUBERCULOS Y PLATANOS,YUCA
caqueta,2015,7162,43747,99.1,TUBERCULOS Y PLATANOS,YUCA
caqueta,2016,8012,52283,97.2,TUBERCULOS Y PLATANOS,YUCA
caqueta,2017,8264,54008,91.4,TUBERCULOS Y PLATANOS,YUCA
caqueta,2018,8785,63073,91.6,TUBERCULOS Y PLATANOS,YUCA
casanare,2015,2054,18969,194.0,TUBERCULOS Y PLATANOS,YUCA
casanare,2016,1974,21930,217.2,TUBERCULOS Y PLATANOS,YUCA
casanare,2017,2075,25320,258.0,TUBERCULOS Y PLATANOS,YUCA
casanare,2018,2025,27525,258.2,TUBERCULOS Y PLATANOS,YUCA
cauca,2015,7390,53683,334.2,TUBERCULOS Y PLATANOS,YUCA
cauca,2016,8359,87914,336.50000000000006,TUBERCULOS Y PLATANOS,YUCA
cauca,2017,7055,67537,321.20000000000005,TUBERCULOS Y PLATANOS,YUCA
cauca,2018,6845,73339,322.0,TUBERCULOS Y PLATANOS,YUCA
cesar,2015,6067,29061,206.6,TUBERCULOS Y PLATANOS,YUCA
cesar,2016,7098,51869,217.0,TUBERCULOS Y PLATANOS,YUCA
cesar,2017,5420,37438,204.8,TUBERCULOS Y PLATANOS,YUCA
cesar,2018,6365,56003,219.39999999999998,TUBERCULOS Y PLATANOS,YUCA
choco,2015,8066,70454,212.5,TUBERCULOS Y PLATANOS,YUCA
choco,2016,7808,70789,220.9,TUBERCULOS Y PLATANOS,YUCA
choco,2017,7717,69179,236.4,TUBERCULOS Y PLATANOS,YUCA
choco,2018,8994,87392,236.20000000000002,TUBERCULOS Y PLATANOS,YUCA
cordoba,2015,26847,322772,313.5,TUBERCULOS Y PLATANOS,YUCA
cordoba,2016,23068,259825,343.1,TUBERCULOS Y PLATANOS,YUCA
cordoba,2017,19384,208843,331.8,TUBERCULOS Y PLATANOS,YUCA
cordoba,2018,20371,229188,331.59999999999997,TUBERCULOS Y PLATANOS,YUCA
cundinamarca,2015,2533,29469,583.3000000000001,TUBERCULOS Y PLATANOS,YUCA
cundinamarca,2016,2969,31890,534.8,TUBERCULOS Y PLATANOS,YUCA
cundinamarca,2017,2699,35985,640.0,TUBERCULOS Y PLATANOS,YUCA
cundinamarca,2018,2666,34336,640.0,TUBERCULOS Y PLATANOS,YUCA
guainia,2015,1074,6682,12.3,TUBERCULOS Y PLATANOS,YUCA
guainia,2016,137,1790,25.0,TUBERCULOS Y PLATANOS,YUCA
guainia,2017,1550,15190,50.0,TUBERCULOS Y PLATANOS,YUCA
guainia,2018,1527,15270,50.0,TUBERCULOS Y PLATANOS,YUCA
guajira,2015,1545,9332,134.0,TUBERCULOS Y PLATANOS,YUCA
guajira,2016,2942,31969,164.0,TUBERCULOS Y PLATANOS,YUCA
guajira,2017,2953,33572,170.0,TUBERCULOS Y PLATANOS,YUCA
guajira,2018,3353,42403,170.0,TUBERCULOS Y PLATANOS,YUCA
guaviare,2015,3229,22369,35.0,TUBERCULOS Y PLATANOS,YUCA
guaviare,2016,3868,33540,52.0,TUBERCULOS Y PLATANOS,YUCA
guaviare,2017,4005,34775,52.0,TUBERCULOS Y PLATANOS,YUCA
guaviare,2018,1550,20150,52.0,TUBERCULOS Y PLATANOS,YUCA
huila,2015,3107,17173,214.2,TUBERCULOS Y PLATANOS,YUCA
huila,2016,3345,17971,214.2,TUBERCULOS Y PLATANOS,YUCA
huila,2017,3417,22294,227.3,TUBERCULOS Y PLATANOS,YUCA
huila,2018,3412,24741,233.5,TUBERCULOS Y PLATANOS,YUCA
magdalena,2015,17078,99202,215.3,TUBERCULOS Y PLATANOS,YUCA
magdalena,2016,18693,117579,222.7,TUBERCULOS Y PLATANOS,YUCA
magdalena,2017,21510,129200,212.7,TUBERCULOS Y PLATANOS,YUCA
magdalena,2018,23380,178180,212.7,TUBERCULOS Y PLATANOS,YUCA
meta,2015,5419,88577,456.0,TUBERCULOS Y PLATANOS,YUCA
meta,2016,6969,103174,414.0,TUBERCULOS Y PLATANOS,YUCA
meta,2017,9014,149242,445.9,TUBERCULOS Y PLATANOS,YUCA
meta,2018,9030,178421,448.09999999999997,TUBERCULOS Y PLATANOS,YUCA
narino,2015,2936,16792,199.3,TUBERCULOS Y PLATANOS,YUCA
narino,2016,1794,10354,179.79999999999998,TUBERCULOS Y PLATANOS,YUCA
narino,2017,2109,13415,191.40000000000003,TUBERCULOS Y PLATANOS,YUCA
narino,2018,2917,24012,205.5,TUBERCULOS Y PLATANOS,YUCA
norte de santander,2015,9369,115568,367.4,TUBERCULOS Y PLATANOS,YUCA
norte de santander,2016,9886,129826,396.0,TUBERCULOS Y PLATANOS,YUCA
norte de santander,2017,8666,117419,391.5,TUBERCULOS Y PLATANOS,YUCA
norte de santander,2018,9585,130228,391.5,TUBERCULOS Y PLATANOS,YUCA
putumayo,2015,2307,20782,81.5,TUBERCULOS Y PLATANOS,YUCA
putumayo,2016,2282,19164,75.0,TUBERCULOS Y PLATANOS,YUCA
putumayo,2017,2255,13570,60.5,TUBERCULOS Y PLATANOS,YUCA
putumayo,2018,2102,13319,60.5,TUBERCULOS Y PLATANOS,YUCA
quindio,2015,500,6967,125.0,TUBERCULOS Y PLATANOS,YUCA
quindio,2016,377,6350,130.89999999999998,TUBERCULOS Y PLATANOS,YUCA
quindio,2017,301,4669,136.9,TUBERCULOS Y PLATANOS,YUCA
quindio,2018,230,3398,133.5,TUBERCULOS Y PLATANOS,YUCA
risaralda,2015,81,2205,60.0,TUBERCULOS Y PLATANOS,YUCA
risaralda,2016,209,1958,95.4,TUBERCULOS Y PLATANOS,YUCA
risaralda,2017,194,1561,77.1,TUBERCULOS Y PLATANOS,YUCA
risaralda,2018,195,1904,87.1,TUBERCULOS Y PLATANOS,YUCA
san andres,2015,10,70,7.0,TUBERCULOS Y PLATANOS,YUCA
san andres,2016,4,25,18.1,TUBERCULOS Y PLATANOS,YUCA
san andres,2017,3,33,19.299999999999997,TUBERCULOS Y PLATANOS,YUCA
san andres,2018,4,35,19.299999999999997,TUBERCULOS Y PLATANOS,YUCA
santander,2015,9248,97950,944.1,TUBERCULOS Y PLATANOS,YUCA
santander,2016,10952,111423,961.0999999999999,TUBERCULOS Y PLATANOS,YUCA
santander,2017,9739,93915,952.3,TUBERCULOS Y PLATANOS,YUCA
santander,2018,9334,103257,956.3000000000001,TUBERCULOS Y PLATANOS,YUCA
sucre,2015,12754,82686,229.79999999999998,TUBERCULOS Y PLATANOS,YUCA
sucre,2016,13927,86998,193.1,TUBERCULOS Y PLATANOS,YUCA
sucre,2017,13631,101272,202.29999999999998,TUBERCULOS Y PLATANOS,YUCA
sucre,2018,15282,123783,202.89999999999998,TUBERCULOS Y PLATANOS,YUCA
tolima,2015,3080,31526,371.5,TUBERCULOS Y PLATANOS,YUCA
tolima,2016,3258,33126,371.2,TUBERCULOS Y PLATANOS,YUCA
tolima,2017,3321,31695,362.3,TUBERCULOS Y PLATANOS,YUCA
tolima,2018,4169,43724,363.40000000000003,TUBERCULOS Y PLATANOS,YUCA
valle del cauca,2015,609,7117,383.0,TUBERCULOS Y PLATANOS,YUCA
valle del cauca,2016,736,9195,440.0,TUBERCULOS Y PLATANOS,YUCA
valle del cauca,2017,659,10070,549.8,TUBERCULOS Y PLATANOS,YUCA
valle del cauca,2018,655,10737,549.8,TUBERCULOS Y PLATANOS,YUCA
vaupes,2015,810,9795,37.6,TUBERCULOS Y PLATANOS,YUCA
vaupes,2016,1683,11145,26.0,TUBERCULOS Y PLATANOS,YUCA
vaupes,2017,1655,9809,20.3,TUBERCULOS Y PLATANOS,YUCA
vaupes,2018,1793,10517,20.3,TUBERCULOS Y PLATANOS,YUCA
vichada,2015,445,5785,58.5,TUBERCULOS Y PLATANOS,YUCA
vichada,2016,218,2591,49.0,TUBERCULOS Y PLATANOS,YUCA
vichada,2017,695,7136,43.9,TUBERCULOS Y PLATANOS,YUCA
vichada,2018,775,8530,44.1,TUBERCULOS Y PLATANOS,YUCA
antioquia,2015,2376,93062,603.0,HORTALIZAS,ZANAHORIA
antioquia,2016,1878,80178,617.0,HORTALIZAS,ZANAHORIA
antioquia,2017,1880,79282,564.0,HORTALIZAS,ZANAHORIA
antioquia,2018,399,37375,282.0,HORTALIZAS,ZANAHORIA
boyaca,2015,1700,37438,522.9000000000001,HORTALIZAS,ZANAHORIA
boyaca,2016,2882,51586,604.6,HORTALIZAS,ZANAHORIA
boyaca,2017,3115,80686,615.5999999999999,HORTALIZAS,ZANAHORIA
boyaca,2018,2149,39869,288.8,HORTALIZAS,ZANAHORIA
caldas,2015,9,166,72.0,HORTALIZAS,ZANAHORIA
caldas,2016,62,428,54.0,HORTALIZAS,ZANAHORIA
caldas,2017,59,696,36.0,HORTALIZAS,ZANAHORIA
caldas,2018,71,348,18.0,HORTALIZAS,ZANAHORIA
caqueta,2015,2,8,4.0,HORTALIZAS,ZANAHORIA
caqueta,2017,1,0,0.0,HORTALIZAS,ZANAHORIA
cauca,2015,22,184,18.2,HORTALIZAS,ZANAHORIA
cauca,2016,44,328,34.5,HORTALIZAS,ZANAHORIA
cauca,2017,35,139,29.7,HORTALIZAS,ZANAHORIA
cauca,2018,20,79,15.7,HORTALIZAS,ZANAHORIA
cesar,2017,20,20,1.0,HORTALIZAS,ZANAHORIA
cesar,2018,21,0,0.0,HORTALIZAS,ZANAHORIA
cundinamarca,2015,2606,67987,1096.5,HORTALIZAS,ZANAHORIA
cundinamarca,2016,2883,70829,1207.2,HORTALIZAS,ZANAHORIA
cundinamarca,2017,3449,92636,1351.7,HORTALIZAS,ZANAHORIA
cundinamarca,2018,1674,45970,653.0,HORTALIZAS,ZANAHORIA
narino,2015,557,9425,450.0,HORTALIZAS,ZANAHORIA
narino,2016,1878,35415,502.0,HORTALIZAS,ZANAHORIA
narino,2017,1593,43204,485.4,HORTALIZAS,ZANAHORIA
narino,2018,766,27248,219.4,HORTALIZAS,ZANAHORIA
norte de santander,2015,217,4316,191.0,HORTALIZAS,ZANAHORIA
norte de santander,2016,268,4691,193.0,HORTALIZAS,ZANAHORIA
norte de santander,2017,217,4101,185.0,HORTALIZAS,ZANAHORIA
norte de santander,2018,142,1524,98.0,HORTALIZAS,ZANAHORIA
santander,2015,38,855,96.0,HORTALIZAS,ZANAHORIA
santander,2016,90,631,91.0,HORTALIZAS,ZANAHORIA
santander,2017,18,535,105.0,HORTALIZAS,ZANAHORIA
santander,2018,11,168,46.5,HORTALIZAS,ZANAHORIA
tolima,2015,17,685,85.0,HORTALIZAS,ZANAHORIA
tolima,2016,158,771,52.0,HORTALIZAS,ZANAHORIA
tolima,2017,148,1987,61.5,HORTALIZAS,ZANAHORIA
tolima,2018,83,1172,33.1,HORTALIZAS,ZANAHORIA
valle del cauca,2015,276,2042,30.5,HORTALIZAS,ZANAHORIA
valle del cauca,2016,268,2905,38.5,HORTALIZAS,ZANAHORIA
valle del cauca,2017,258,3461,115.0,HORTALIZAS,ZANAHORIA
valle del cauca,2018,175,2010,75.0,HORTALIZAS,ZANAHORIA
